-- phpMyAdmin SQL Dump
-- version 3.4.10.1deb1
-- http://www.phpmyadmin.net
--
-- Client: localhost
-- Généré le : Lun 14 Juillet 2014 à 12:28
-- Version du serveur: 5.1.61
-- Version de PHP: 5.3.3-1ubuntu9.10

SET SQL_MODE="NO_AUTO_VALUE_ON_ZERO";
SET time_zone = "+00:00";


/*!40101 SET @OLD_CHARACTER_SET_CLIENT=@@CHARACTER_SET_CLIENT */;
/*!40101 SET @OLD_CHARACTER_SET_RESULTS=@@CHARACTER_SET_RESULTS */;
/*!40101 SET @OLD_COLLATION_CONNECTION=@@COLLATION_CONNECTION */;
/*!40101 SET NAMES utf8 */;

--
-- Base de données: `c0beca`
--

-- --------------------------------------------------------

--
-- Structure de la table `accessories`
--

CREATE TABLE IF NOT EXISTS `accessories` (
  `id` int(11) NOT NULL AUTO_INCREMENT,
  `name` varchar(255) CHARACTER SET utf8 COLLATE utf8_unicode_ci DEFAULT NULL,
  `code` varchar(255) DEFAULT NULL,
  `description` text,
  `image` varchar(255) DEFAULT NULL,
  `price` text,
  `display_price` tinyint(1) NOT NULL DEFAULT '1',
  `active` tinyint(1) NOT NULL DEFAULT '1',
  `is_new` tinyint(1) NOT NULL DEFAULT '1',
  `category_id` int(11) DEFAULT NULL,
  PRIMARY KEY (`id`)
) ENGINE=InnoDB  DEFAULT CHARSET=utf8 AUTO_INCREMENT=18 ;

--
-- Contenu de la table `accessories`
--

INSERT INTO `accessories` (`id`, `name`, `code`, `description`, `image`, `price`, `display_price`, `active`, `is_new`, `category_id`) VALUES
(1, 'Cám gạo 1', '1221', '<p>thơm ngơn,&nbsp;</p>\r\n\r\n<p>bổ dưỡng</p>\r\n\r\n<p>thơm ngơn,&nbsp;</p>\r\n\r\n<p>bổ dưỡng</p>\r\n\r\n<p>thơm ngơn,&nbsp;</p>\r\n\r\n<p>bổ dưỡng</p>\r\n\r\n<p>thơm ngơn,&nbsp;</p>\r\n\r\n<p>bổ dưỡng</p>\r\n\r\n<p>thơm ngơn,&nbsp;</p>\r\n\r\n<p>bổ dưỡng</p>\r\n', '-1-0701010242241lemon_cooler_lemon_splash.jpg', '150.000 đồng', 1, 1, 0, 29),
(2, 'Cám ngô', '25', '<p>Thơm ngon</p>\r\n\r\n<p>h&agrave;m lượng tinh bột cao</p>\r\n', '-1-0502091244101dscn4772_cs_small.jpg', '5000', 0, 1, 1, 29),
(4, 'thuốc cúm', '10', '<div>Ph&oacute;ng vi&ecirc;n CNN Euan McKirdy c&oacute; mặt tr&ecirc;n một con t&agrave;u của cảnh s&aacute;t biển Việt Nam ra khu vực Trung Quốc đặt gi&agrave;n khoan tr&aacute;i ph&eacute;p gần Ho&agrave;ng Sa. McKirdy thuật lại sự nguy hiểm của cuộc đối đầu ở nơi &ocirc;ng m&ocirc; tả l&agrave; điểm n&oacute;ng nhất thế giới về tranh chấp chủ quyền biển.</div>\r\n\r\n<div>\r\n<ul>\r\n	<li><a href="http://vnexpress.net/tin-tuc/the-gioi/my-quan-ngai-hanh-dong-ham-doa-cua-trung-quoc-2996636.html">Mỹ quan ngại h&agrave;nh động hăm dọa của Trung Quốc</a>&nbsp; / &nbsp;<a href="http://vnexpress.net/tin-tuc/the-gioi/nhat-coi-vu-dam-chim-tau-viet-nam-la-dang-bao-dong-2996757.html">Nhật coi vụ đ&acirc;m ch&igrave;m t&agrave;u Việt Nam l&agrave; đ&aacute;ng b&aacute;o động</a><span style="line-height:1.6em">&nbsp;</span></li>\r\n</ul>\r\n</div>\r\n\r\n<div id="left_calculator">\r\n<table border="0" cellpadding="3" cellspacing="0">\r\n	<tbody>\r\n		<tr>\r\n			<td>&nbsp;</td>\r\n		</tr>\r\n		<tr>\r\n			<td>\r\n			<p>T&agrave;u hải cảnh Trung Quốc đang phun v&ograve;i rồng v&agrave;o một con t&agrave;u nghi&ecirc;n cứu thủy sản của Việt Nam h&ocirc;m 28/5. Ảnh:&nbsp;Euan McKirdy/CNN</p>\r\n			</td>\r\n		</tr>\r\n	</tbody>\r\n</table>\r\n\r\n<p>Phải chờ đợi rất l&acirc;u cả tr&ecirc;n bờ v&agrave; tr&ecirc;n biển, trước khi đo&agrave;n gần 40 ph&oacute;ng vi&ecirc;n ch&uacute;ng t&ocirc;i tới được một trong những khu vực tranh chấp n&oacute;ng bỏng nhất thế giới, tr&ecirc;n Biển Đ&ocirc;ng. Giới b&aacute;o ch&iacute;, cả b&aacute;o in, b&aacute;o mạng v&agrave; ph&aacute;t thanh truyền h&igrave;nh thuộc c&aacute;c t&ograve;a soạn ở ch&acirc;u &Aacute; v&agrave; Mỹ, hồi hộp chờ đợi ch&iacute;nh phủ Việt Nam, kh&ocirc;ng r&otilde; ng&agrave;y giờ n&agrave;o th&igrave; ch&uacute;ng t&ocirc;i sẽ l&ecirc;n đường.</p>\r\n\r\n<p>Chuyến đi c&oacute; vẻ được giữ b&iacute; mật, nhưng h&igrave;nh như ph&iacute;a Trung Quốc c&oacute; thể cũng biết.</p>\r\n\r\n<p>Cuối c&ugrave;ng th&igrave; ch&uacute;ng t&ocirc;i xuất ph&aacute;t, l&ecirc;n một con t&agrave;u tuần duy&ecirc;n nhỏ v&agrave;o một s&aacute;ng thứ hai từ Đ&agrave; Nẵng, tiến đến v&ugrave;ng nước gần quần đảo Ho&agrave;ng Sa theo tiếng Việt v&agrave; T&acirc;y Sa theo c&aacute;ch gọi của người Trung Quốc.</p>\r\n\r\n<p>Việc Trung Quốc cắm một gi&agrave;n khoan tại v&ugrave;ng nước n&agrave;y hồi đầu th&aacute;ng 5 g&acirc;y n&ecirc;n một loạt phản đối, trong đ&oacute; c&oacute; cả những cuộc x&ocirc; x&aacute;t ở Việt Nam, v&agrave; h&agrave;ng loạt lời tuy&ecirc;n bố từ c&aacute;c nh&agrave; l&atilde;nh đạo thế giới, y&ecirc;u cầu hai b&ecirc;n giải quyết vấn đề nhanh ch&oacute;ng v&agrave; kh&ocirc;ng để đổ m&aacute;u.</p>\r\n\r\n<p>&Iacute;t nhất l&agrave; một b&ecirc;n nhất tr&iacute; như vậy. &quot;Lực lượng cảnh s&aacute;t biển Việt Nam cam kết giải quyết vấn đề bằng phương c&aacute;ch h&ograve;a b&igrave;nh&quot;, &ocirc;ng Ho&agrave;ng Tuấn Anh, thuyền trưởng t&agrave;u hỗ trợ m&agrave; ch&uacute;ng t&ocirc;i đi cho biết.</p>\r\n\r\n<p>Con t&agrave;u kh&aacute; chắc chắn của ch&uacute;ng t&ocirc;i c&oacute; một ph&aacute;o 125 mm ph&iacute;a tr&ecirc;n mũi v&agrave; hai khẩu 14.5 mm ở đu&ocirc;i. N&oacute; thuộc loại t&agrave;u hậu cần m&agrave; lực lượng tuần duy&ecirc;n n&agrave;o cũng cần c&oacute;, v&agrave; chứa được kh&aacute; nhiều thứ: v&ocirc; số th&ugrave;ng nước uống bằng nhựa, khoang bếp chất đầy rau xanh, một đ&agrave;n g&agrave; sống b&ecirc;n dưới cầu thang ph&iacute;a ngo&agrave;i - những thứ sẽ được đem đến cho c&aacute;c đồng đội của họ ở tiền tuyến.</p>\r\n\r\n<p>Cho đến khi mặt trời l&ecirc;n v&agrave;o s&aacute;ng h&ocirc;m sau, ch&uacute;ng t&ocirc;i vẫn đang tr&ecirc;n đường tiến tới đ&iacute;ch - v&ugrave;ng nước m&agrave; cả Việt Nam v&agrave; Trung Quốc đều tuy&ecirc;n bố c&oacute; chủ quyền.</p>\r\n\r\n<p>Sau đ&oacute;, ch&uacute;ng t&ocirc;i chuyển sang t&agrave;u cảnh s&aacute;t biển&nbsp;8003, con t&agrave;u đ&atilde; đợi ch&uacute;ng t&ocirc;i giữa biển từ trước đ&oacute;. Vậy l&agrave; đ&atilde; đến khu vực m&agrave; đầu th&aacute;ng n&agrave;y Trung Quốc đơn phương cắm một ngọn cờ. Ngọn cờ trong trường hợp n&agrave;y l&agrave; một gi&agrave;n khoan, mang th&ocirc;ng điệp của ph&iacute;a Trung Quốc: quần đảo T&acirc;y Sa l&agrave; của ta v&agrave; ta muốn l&agrave;m g&igrave; t&ugrave;y th&iacute;ch.</p>\r\n\r\n<p>Xung quanh chỉ l&agrave; m&ecirc;nh m&ocirc;ng một m&agrave;u xanh thẫm của biển, kh&ocirc;ng phao hiệu, kh&ocirc;ng b&atilde;i nổi, chỉ c&oacute; nước v&agrave; nước, d&ugrave; ph&iacute;a Trung Quốc vẫn mạnh miệng khẳng định b&ecirc;n dưới l&agrave; một nguồn dầu mỏ gi&agrave;u c&oacute;.&nbsp;</p>\r\n\r\n<p>H&agrave;nh động hung hăng</p>\r\n\r\n<p>Khi ch&uacute;ng t&ocirc;i đến nơi, c&oacute; tin cho biết gi&agrave;n khoan do C&ocirc;ng ty dầu kh&iacute; hải dương Trung Quốc (CNOCC) quản l&yacute; n&agrave;y đ&atilde; di dời - quả l&agrave; một nhiệm vụ to lớn v&agrave; chẳng dễ d&agrave;ng, đặc biệt l&agrave; về mặt ch&iacute;nh trị.</p>\r\n\r\n<p>Qu&aacute; tr&igrave;nh di chuyển gi&agrave;n khoan bắt đầu từ s&aacute;ng 26/5 v&agrave; ho&agrave;n th&agrave;nh l&uacute;c 23h30 c&ugrave;ng ng&agrave;y, trước khi đo&agrave;n ch&uacute;ng t&ocirc;i đến đ&acirc;y, mặc d&ugrave; n&oacute; khởi h&agrave;nh v&agrave;i giờ sau khi ch&uacute;ng t&ocirc;i bắt đầu.</p>\r\n\r\n<p>Ch&uacute;ng t&ocirc;i cuối c&ugrave;ng cũng đến được nơi cần đến. Những chấm đen l&uacute;c trước ở đường ch&acirc;n trời giờ đ&atilde; biến th&agrave;nh những con t&agrave;u, hay đ&uacute;ng hơn l&agrave; những đo&agrave;n t&agrave;u của cả Việt Nam v&agrave; Trung Quốc.</p>\r\n\r\n<p>Những con t&agrave;u c&aacute; v&agrave; cả t&agrave;u qu&acirc;n sự n&agrave;y l&agrave; tất cả những g&igrave; c&ograve;n lại sau điểm n&oacute;ng của hai tuần trước, trong c&aacute;c hoạt động triển khai li&ecirc;n tục, như một m&agrave;n khi&ecirc;u vũ kịch t&iacute;ch quanh v&ugrave;ng biển xanh ngắt.</p>\r\n\r\n<table border="0" cellpadding="3" cellspacing="0">\r\n	<tbody>\r\n		<tr>\r\n			<td><img alt="2-3556-1401373310.jpg" src="http://m.f29.img.vnecdn.net/2014/05/29/2-3556-1401373310.jpg" /></td>\r\n		</tr>\r\n		<tr>\r\n			<td>\r\n			<p>T&agrave;u cảnh s&aacute;t biển Việt Nam (b&ecirc;n phải, m&agrave;u xanh đen), đang cố gắng tho&aacute;t khỏi v&ograve;ng v&acirc;y của c&aacute;c t&agrave;u Trung Quốc, gần khu vực hạ đặt gi&agrave;n khoan tr&aacute;i ph&eacute;p. Ảnh:&nbsp;AFP</p>\r\n			</td>\r\n		</tr>\r\n	</tbody>\r\n</table>\r\n\r\n<p>Trong một buổi chiều đầy nắng v&agrave; y&ecirc;n b&igrave;nh giữa biển, những g&igrave; đang xảy ra như một trận đ&aacute;nh nhỏ sống động, đan xen giữa sự hung hăng của Trung Quốc v&agrave; sự b&igrave;nh tĩnh từ ph&iacute;a Việt Nam khi đưa ra th&ocirc;ng b&aacute;o rằng Trung Quốc đang vi phạm luật ph&aacute;p quốc tế. Tiếng c&ograve;i b&aacute;o hiệu v&agrave; c&ograve;i r&uacute; b&aacute;o động reo l&ecirc;n inh ỏi v&agrave; ch&oacute;i tai.</p>\r\n\r\n<p>&quot;T&ocirc;i đ&atilde; đến v&ugrave;ng biển n&agrave;y nhiều lần nhưng gần đ&acirc;y Trung Quốc ng&agrave;y c&agrave;ng hung hăng với Việt Nam, thuyền trưởng t&ecirc;n Ho&agrave;ng của t&agrave;u hỗ trợ n&oacute;i. Anh Ho&agrave;ng khẳng định với ch&uacute;ng t&ocirc;i: &quot;T&ocirc;i tự h&agrave;o được bảo vệ đất nước&quot;.</p>\r\n\r\n<p>Vũ điệu nguy hiểm giữa biển đều được c&aacute;c t&agrave;u bảo vệ biển của mỗi nước quan s&aacute;t. Những người tr&ecirc;n t&agrave;u đều hy vọng c&oacute; thể đối đầu trực tiếp với kẻ th&ugrave;. Tuy nhi&ecirc;n chỉ trước đ&oacute; v&agrave;i giờ, một t&agrave;u của Trung Quốc đ&atilde; đ&acirc;m ch&igrave;m một t&agrave;u c&aacute; của Việt Nam.&nbsp;Kh&ocirc;ng ai thiệt mạng trong vụ tai nạn n&agrave;y, nhưng đ&acirc;y l&agrave; lần đầu ti&ecirc;n một chiếc t&agrave;u đ&atilde; bị đ&aacute;nh ch&igrave;m trong giai đoạn căng thẳng hiện nay giữa quan hệ hai nước l&aacute;ng giềng.</p>\r\n\r\n<p>Chiều dần bu&ocirc;ng, một t&agrave;u cảnh s&aacute;t biển to lớn của Trung Quốc nhằm hướng di chuyển về ph&iacute;a ch&uacute;ng t&ocirc;i, gầm gừ như cố tạo ra một vụ đe dọa h&agrave;ng hải nho nhỏ.</p>\r\n\r\n<p>Kh&ocirc;ng ai tr&ecirc;n t&agrave;u 8003 tỏ ra qu&aacute; lo lắng, mặc d&ugrave; &aacute;o phao cứu hộ trong trường hợp n&agrave;y dường như qu&aacute; mỏng manh. Giống như một con ch&oacute; đang căng m&igrave;nh ở với đốt x&iacute;ch cuối, con t&agrave;u sủa về ph&iacute;a ch&uacute;ng t&ocirc;i v&agrave;i lần, trước khi quay đi.</p>\r\n\r\n<p>Ở ph&iacute;a mạn phải con t&agrave;u ch&uacute;ng t&ocirc;i, hai t&agrave;u kh&aacute;c của Trung Quốc đang quấy ph&aacute; một t&agrave;u c&aacute; nhỏ hơn của Việt Nam.</p>\r\n</div>\r\n', '-1-0508310633561img_1366.jpg', '260.000', 1, 1, 0, 30),
(5, 'hfg', 'hfg', '<p>hfg</p>\r\n', NULL, 'fgh', 0, 0, 0, 28),
(6, 'đồ trang trí bể 1', '432', '<p><strong>M&ocirc; tảM&ocirc; tảM&ocirc; tảM&ocirc; tảM&ocirc; tả</strong></p>\r\n', '-1-0511012303361dsc0025asoft.jpg', '520', 1, 1, 1, 31),
(7, 'cá vàng 1', '34', '<p><strong>M&ocirc; tảM&ocirc; tảM&ocirc; tảM&ocirc; tả</strong></p>\r\n', '-1-Forkvs.jpg', 'fd354', 1, 1, 0, 32),
(8, 'Tranh 3D_1', '16', '<p>fsdgfd</p>\r\n', NULL, 'ưqerw5346', 0, 0, 0, 28),
(9, 'Tranh 3D_2', '17', '<p>123456</p>\r\n', '-1-sl18.jpg', '150', 1, 1, 0, 28),
(11, 'Test sfa', '1231', '<p>adsfasdfa</p>\r\n', '127-small-a34-1.jpg', 'ádfasdfa', 1, 1, 1, 28),
(14, 'đồ trang trí bể 2', '30', '<p>m&ocirc; tả chi tiết</p>\r\n', '-1-sl30.jpg', '450', 1, 1, 1, 31),
(15, 'sad', 'đá', '<p>đasa</p>\r\n', '-1-021106100431coffe2-dpc.jpg', 'dsad', 0, 0, 0, 28),
(16, '1', '1231241', '<p>a</p>\r\n', '10-ly--do-hang-dau-tai-sao-ban-nen-chon-php-framework-2cwebvn-09_zpsebee1054.jpg', '123', 0, 0, 0, 28),
(17, '2', '21246', '<p>a</p>\r\n', '981D-2.jpg', 'a', 0, 0, 0, 28);

-- --------------------------------------------------------

--
-- Structure de la table `categories`
--

CREATE TABLE IF NOT EXISTS `categories` (
  `id` int(11) NOT NULL AUTO_INCREMENT,
  `name` varchar(255) DEFAULT NULL,
  `image` varchar(255) DEFAULT NULL,
  `display_order` int(3) DEFAULT NULL,
  `display` tinyint(1) NOT NULL DEFAULT '1',
  `type` int(11) NOT NULL,
  PRIMARY KEY (`id`)
) ENGINE=InnoDB  DEFAULT CHARSET=utf8 AUTO_INCREMENT=62 ;

--
-- Contenu de la table `categories`
--

INSERT INTO `categories` (`id`, `name`, `image`, `display_order`, `display`, `type`) VALUES
(21, 'Bể cá treo tường', 'photo0830L.jpg', 5, 1, 1),
(22, 'Bể cá âm tường', 'Photo1036-copy-jpg-L.jpg', 12, 0, 1),
(23, 'Tủ bể cá', '8---2-copy---p.jpg', 14, 1, 1),
(24, 'Bể nước mặn', 'IMG_20130616_165137-copy-jpg-L.jpg', 15, 1, 1),
(25, 'Bể cá chân quỳ', 'beca_20102010_222337-copyl.jpg', 16, 1, 1),
(26, 'Bể cá chân sắt', 'Photo0286-l.jpg', 18, 1, 1),
(27, 'Bể ngăn phòng', 'Photo1246-copy-jpg-L.jpg', 20, 1, 1),
(28, 'Tranh 3D', 'D33.jpg', 20, 1, 2),
(29, 'Thức ăn cho cá', 'tải-xuống.jpg', 20, 1, 2),
(30, 'Thuốc cho cá', 'tải-xuống--1-.jpg', 19, 1, 2),
(31, 'Đồ trang trí bể', 'tải-xuống--2-.jpg', 20, 1, 2),
(32, 'Thức ăn cho cá vàng1', '-1-2Eggs3PansbyStevenMillman.jpg', 19, 1, 2),
(36, 'aaa', '-1-011007212921rosevase-640-5465.jpg', 20, 1, 1),
(37, 'Bể cá HQ', '0310051236041lemon4.jpg', 19, 1, 1),
(39, 'bbb', '-1-ZeroGravitybyEiboJeddah.jpg', 20, 1, 1),
(40, 'hhhh', NULL, 20, 0, 2),
(41, 'kk', '-1-0502261219581light_on_white_challenge_.jpg', 17, 1, 1),
(42, 'xxx', '-1-0512060002371dsc0014a.jpg', 20, 1, 1),
(43, 'yyy', NULL, 20, 0, 1),
(44, 'uu1', '-1-CesareanbyATK.jpg', 19, 0, 1),
(45, 'llll', '-1-sl8.jpg', 19, 0, 1),
(46, 'a', NULL, 20, 0, 1),
(47, 'PPPPP', '-1-0511152214261better.jpg', 19, 1, 1),
(48, 'adsfasdfasdfas', '128-small-a35-1.jpg', 20, 0, 1),
(49, '1111', '10289887_269502803228908_6264446756850916544_n.jpg', 19, 0, 2),
(50, 'adfasdgagha', '128-small-a35-2.jpg', 9, 0, 1),
(51, '111111122222', '104-small-a11.jpg', 13, 0, 2),
(52, 'sdf24', '126-small-a33.jpg', 11, 0, 1),
(54, 'aaaaaaaaaaaaaaaaaaaaaaaaaaaaaaaaaaaa', '127-small-a34-2.jpg', 10, 0, 1),
(55, 'ACB', '-1-011207073134hobmail.jpg', 7, 0, 1),
(56, 'GHK', '-1-020108121558dscn3991splash3cbp.jpg', 6, 0, 2),
(58, '1', '126-small-a33-2.jpg', 4, 0, 1),
(59, '2', '128-small-a35-4.jpg', 3, 0, 2),
(60, '3', '99-small-a06.jpg', 2, 0, 1),
(61, 'HHH', '-1-020817122743no_witches.jpg', 1, 0, 2);

-- --------------------------------------------------------

--
-- Structure de la table `contact`
--

CREATE TABLE IF NOT EXISTS `contact` (
  `id` int(11) NOT NULL AUTO_INCREMENT,
  `name` varchar(255) DEFAULT NULL,
  `email` varchar(255) DEFAULT NULL,
  `phone` varchar(255) DEFAULT NULL,
  `address` varchar(255) DEFAULT NULL,
  `content` text,
  `created` datetime DEFAULT NULL,
  PRIMARY KEY (`id`)
) ENGINE=InnoDB  DEFAULT CHARSET=utf8 AUTO_INCREMENT=30 ;

--
-- Contenu de la table `contact`
--

INSERT INTO `contact` (`id`, `name`, `email`, `phone`, `address`, `content`, `created`) VALUES
(24, 'nguyễn thị a', 'aaaa@gmail.com', '123456789', 'ngõ 111 ng phong sắc', 'yêu cầu', '2014-05-27 15:16:09'),
(25, 'a', 'a@a.com', '123456789', 'adf', '', '2014-05-27 16:52:04'),
(26, 'Nguyễn Xuân Hướng', 'xuan@gmail.com', '01666404242', '', 'Ko có yêu cầu gì ^^!', '2014-05-28 08:15:37'),
(27, 'Hướng', 'xuan@gmail.com', '123456789', '', 'a', '2014-05-28 10:51:08'),
(28, 'Hướng', 'xuan@gmail.com', '01666404242', '', '', '2014-05-28 10:51:17'),
(29, 'AAAA', 'aaaa@gmail.vn', '43256', '', 'gdfgdh', '2014-05-28 13:59:21');

-- --------------------------------------------------------

--
-- Structure de la table `counts`
--

CREATE TABLE IF NOT EXISTS `counts` (
  `id` int(11) NOT NULL AUTO_INCREMENT,
  `created` date NOT NULL,
  `count` int(11) NOT NULL,
  `total` int(11) NOT NULL,
  PRIMARY KEY (`id`)
) ENGINE=InnoDB  DEFAULT CHARSET=utf8 AUTO_INCREMENT=60 ;

--
-- Contenu de la table `counts`
--

INSERT INTO `counts` (`id`, `created`, `count`, `total`) VALUES
(58, '2014-07-10', 31, 9826),
(59, '2014-07-13', 4, 9830);

-- --------------------------------------------------------

--
-- Structure de la table `fan_pages`
--

CREATE TABLE IF NOT EXISTS `fan_pages` (
  `id` int(11) NOT NULL AUTO_INCREMENT,
  `url` varchar(255) NOT NULL,
  PRIMARY KEY (`id`)
) ENGINE=InnoDB  DEFAULT CHARSET=utf8 AUTO_INCREMENT=2 ;

--
-- Contenu de la table `fan_pages`
--

INSERT INTO `fan_pages` (`id`, `url`) VALUES
(1, 'https://www.facebook.com/pages/SUKEM-_-SHOP/681109261953265');

-- --------------------------------------------------------

--
-- Structure de la table `galleries`
--

CREATE TABLE IF NOT EXISTS `galleries` (
  `id` int(11) NOT NULL AUTO_INCREMENT,
  `image` varchar(255) NOT NULL,
  `caption` varchar(255) DEFAULT NULL,
  `active` tinyint(1) DEFAULT NULL,
  `gallery_group_id` int(11) NOT NULL,
  `product_id` int(11) DEFAULT NULL,
  `accessory_id` int(11) DEFAULT NULL,
  PRIMARY KEY (`id`)
) ENGINE=InnoDB  DEFAULT CHARSET=utf8 AUTO_INCREMENT=163 ;

--
-- Contenu de la table `galleries`
--

INSERT INTO `galleries` (`id`, `image`, `caption`, `active`, `gallery_group_id`, `product_id`, `accessory_id`) VALUES
(91, '10176227_561898433926346_8479884574571736011_n.jpg', 'aaaaaa', 0, 17, NULL, NULL),
(103, '-1-metoyou.jpg', NULL, NULL, 0, NULL, 2),
(104, '-1-SoupladlebyBarrThierry.jpg', NULL, NULL, 0, NULL, 2),
(105, '-1-0411070356491indapple1_a.jpg', NULL, NULL, 0, 31, NULL),
(106, '-1-TangoArgentinobyholgerdroste.jpg', NULL, NULL, 0, 31, NULL),
(109, '-1-TriobyPriskaWettstein.jpg', 'bbbbbbb', 1, 2, NULL, NULL),
(112, '-1-CradlebyDaveNitsche.jpg', 'aaaaaa', 1, 5, NULL, NULL),
(113, '-1-070101232042100348_frangipani__4.jpg', 'bbbbbbb', 1, 5, NULL, NULL),
(114, '-1-0703050352401img_2549b.jpg', 'cccc', 1, 5, NULL, NULL),
(115, '-1-0501281715051dsc00639-2rw2.jpg', 'ffff', 1, 6, NULL, NULL),
(116, '-1-021106100431coffe2-dpc.jpg', 'hhh', 1, 6, NULL, NULL),
(117, '-1-021028092930crayon_ribbons_lo.jpg', 'tt', 1, 7, NULL, NULL),
(118, '-1-0503021949281_i9v4682_copy.jpg', 'tyy', 1, 8, NULL, NULL),
(119, '-1-0703082250031shining_through_web_size.jpg', 'kkk', 1, 9, NULL, NULL),
(120, '-1-0701031050381spansk-037_thumbnail1.jpg', 'dfg', 1, 10, NULL, NULL),
(121, '-1-ContrastIIbyStefanEisele.jpg', 'et', 1, 11, NULL, NULL),
(122, '-1-0411101802571tomato_and_shadowsab.jpg', 'dsg', 1, 12, NULL, NULL),
(123, '-1-0409170853301boys_of_summer_small.jpg', 'nggj', 1, 6, NULL, NULL),
(124, 'WithLovebyh23b.jpg', 'qưqw', 1, 13, NULL, NULL),
(125, '-1-011001094527peaches2.jpg', NULL, NULL, 0, 41, NULL),
(126, '-1-0510041655261img_3875_1.jpg', NULL, NULL, 0, 41, NULL),
(128, '-1-sl20.jpg', 'kkk', 0, 5, NULL, NULL),
(129, '127-small-a34.jpg', NULL, NULL, 0, 36, NULL),
(130, '105-small-a12-1.jpg', NULL, NULL, 0, 31, NULL),
(131, '127-small-a34-3.jpg', NULL, NULL, 0, NULL, 1),
(132, '128-small-a35-3.jpg', NULL, NULL, 0, NULL, 1),
(134, '-1-0510230756151fragile_bp_thumbnail1.jpg', 'new', 1, 2, NULL, NULL),
(135, '-1-011113102128eggcandle.jpg', 'ád', 1, 2, NULL, NULL),
(136, '126-small-a33-3.jpg', '1', 0, 2, NULL, NULL),
(137, '127-small-a34-4.jpg', '2', 0, 5, NULL, NULL),
(138, '-1-0703050336181one_5.jpg', 'uuuu', 1, 8, NULL, NULL),
(139, '127-small-a34-5.jpg', NULL, NULL, 0, 48, NULL),
(140, '126-small-a33-4.jpg', '1', 0, 2, NULL, NULL),
(142, '127-small-a34-6.jpg', NULL, NULL, 0, 48, NULL),
(145, '105-small-a12-3.jpg', NULL, NULL, 0, 48, NULL),
(146, '-1-011126210413erasers6m3.jpg', NULL, NULL, 0, NULL, 16),
(147, '-1-020503222306cover2.jpg', NULL, NULL, 0, NULL, 16),
(148, '-1-011207073134hobmail.jpg', NULL, NULL, 0, 46, NULL),
(149, '-1-0404031958561peppers.jpg', NULL, NULL, 0, 46, NULL),
(150, '-1-020717165012dscf0087.jpg', NULL, NULL, 0, 46, NULL),
(151, '-1-0510041655261img_3875_1.jpg', NULL, NULL, 0, 46, NULL),
(152, '-1-DyingforyoubyEmilDimitrov.jpg', NULL, NULL, 0, 46, NULL),
(153, '-1-020814020949photo_comp_angels.jpg', NULL, NULL, 0, 46, NULL),
(154, '-1-0702060357271color_me_fun.jpg', NULL, NULL, 0, 46, NULL),
(155, '-1-021002155505fallpeppers.jpg', NULL, NULL, 0, 41, NULL),
(156, '127-small-a34-7.jpg', NULL, NULL, 0, 41, NULL),
(157, '127-small-a34-8.jpg', NULL, NULL, 0, 41, NULL),
(158, '127-small-a34-9.jpg', NULL, NULL, 0, 41, NULL),
(159, '127-small-a34-10.jpg', NULL, NULL, 0, 41, NULL),
(160, '-1-011103205106marine_objects.jpg', NULL, NULL, 0, 39, NULL),
(161, '-1-0411010401111potatoessm2.jpg', NULL, NULL, 0, 39, NULL),
(162, '-1-0411201019431dscf0033frost_ble.jpg', NULL, NULL, 0, 39, NULL);

-- --------------------------------------------------------

--
-- Structure de la table `gallery_groups`
--

CREATE TABLE IF NOT EXISTS `gallery_groups` (
  `id` int(11) NOT NULL AUTO_INCREMENT,
  `name` varchar(255) NOT NULL,
  PRIMARY KEY (`id`)
) ENGINE=InnoDB  DEFAULT CHARSET=utf8 AUTO_INCREMENT=18 ;

--
-- Contenu de la table `gallery_groups`
--

INSERT INTO `gallery_groups` (`id`, `name`) VALUES
(2, 'Vệ sinh bể cá'),
(5, 'Banner'),
(6, 'Title'),
(7, 'Content'),
(8, 'footer'),
(9, 'header'),
(10, 'Link'),
(11, 'Button'),
(12, 'Text'),
(13, 'font'),
(15, 'Mới nhì'),
(17, 'mới nhất');

-- --------------------------------------------------------

--
-- Structure de la table `menus`
--

CREATE TABLE IF NOT EXISTS `menus` (
  `id` int(11) NOT NULL AUTO_INCREMENT,
  `parent_id` int(11) DEFAULT NULL,
  `name` varchar(100) COLLATE utf8_unicode_ci NOT NULL,
  `description` varchar(1000) COLLATE utf8_unicode_ci NOT NULL,
  `controller` varchar(100) COLLATE utf8_unicode_ci DEFAULT NULL,
  `action` varchar(100) COLLATE utf8_unicode_ci DEFAULT NULL,
  `display` tinyint(1) NOT NULL DEFAULT '0',
  `display_order` int(3) DEFAULT NULL,
  `group` int(3) NOT NULL,
  `code` varchar(255) COLLATE utf8_unicode_ci NOT NULL,
  PRIMARY KEY (`id`)
) ENGINE=MyISAM  DEFAULT CHARSET=utf8 COLLATE=utf8_unicode_ci AUTO_INCREMENT=54 ;

--
-- Contenu de la table `menus`
--

INSERT INTO `menus` (`id`, `parent_id`, `name`, `description`, `controller`, `action`, `display`, `display_order`, `group`, `code`) VALUES
(1, NULL, 'Home', 'Homepage of login user.', 'users', 'admin_home', 1, 1, 1, ''),
(2, NULL, 'Account', '', '', '', 1, 6, 1, ''),
(33, 34, 'Support', '', 'supports', 'admin_index', 1, 2, 1, ''),
(8, 2, 'ChangePassword', '', 'users', 'profile_password', 1, 2, 1, ''),
(35, 34, 'User', '', 'users', 'admin_index', 1, 1, 1, ''),
(11, 2, 'Profile', '', 'users', 'admin_profile', 1, 1, 1, ''),
(34, NULL, 'System', '', '', '', 1, 7, 1, ''),
(31, 40, 'Video', '', 'videos', 'admin_index', 1, NULL, 1, ''),
(43, NULL, 'Post', '', 'posts', 'admin_index', 1, 3, 1, ''),
(29, 40, 'Galleries', '', 'galleries', 'admin_index', 1, NULL, 1, ''),
(42, 30, 'Post', '', 'posts', 'admin_index', 1, NULL, 1, ''),
(28, 26, 'Products', '', 'products', 'admin_index', 1, 3, 1, ''),
(26, NULL, 'Product', '', '', '', 1, 2, 1, ''),
(27, 26, 'Categories', '', 'categories', 'admin_index', 1, 1, 1, ''),
(44, 26, 'Accessories', '', 'accessories', 'admin_index', 1, 2, 1, ''),
(37, NULL, 'Contact', '', 'contacts', 'admin_index', 1, 5, 1, ''),
(38, 34, 'FanPages', '', 'fanPages', 'admin_index', 1, 3, 1, ''),
(40, NULL, 'Media', '', '', '', 1, 4, 1, ''),
(13, NULL, '', '', NULL, NULL, 0, 1, 0, ''),
(12, NULL, '', '', NULL, NULL, 0, 2, 0, ''),
(46, NULL, 'Trang chủ', '', 'pages', 'home', 1, NULL, 2, 'home'),
(47, NULL, 'Giới thiệu', '', 'posts', 'about', 1, NULL, 2, 'about'),
(48, NULL, 'Sản phẩm', '', 'products', 'index', 1, NULL, 2, 'product'),
(49, NULL, 'Dịch vụ', '', 'posts', 'services', 1, NULL, 2, 'services'),
(50, NULL, 'Kiến thức bể cá', '', 'posts', 'kien_thuc_be_ca', 1, NULL, 2, 'kienthuc'),
(51, NULL, 'Tin tức', '', 'posts', 'news', 1, NULL, 2, 'new'),
(52, NULL, 'Liên hệ', '', 'contacts', 'add', 1, NULL, 2, 'contact'),
(53, 40, 'GroupGallery', '', 'galleryGroups', 'index', 1, NULL, 1, '');

-- --------------------------------------------------------

--
-- Structure de la table `posts`
--

CREATE TABLE IF NOT EXISTS `posts` (
  `id` int(11) NOT NULL AUTO_INCREMENT,
  `title` varchar(255) DEFAULT NULL,
  `image` varchar(255) NOT NULL,
  `content` text,
  `post_category_id` int(11) DEFAULT NULL,
  `active` tinyint(1) DEFAULT NULL,
  `display_order` int(3) DEFAULT NULL,
  `created` datetime DEFAULT NULL,
  PRIMARY KEY (`id`)
) ENGINE=InnoDB  DEFAULT CHARSET=utf8 AUTO_INCREMENT=40 ;

--
-- Contenu de la table `posts`
--

INSERT INTO `posts` (`id`, `title`, `image`, `content`, `post_category_id`, `active`, `display_order`, `created`) VALUES
(3, 'Giới thiệu', '-1-020817122743no_witches.jpg', '<p><strong>Nội dung Nội dung</strong>Giới thiệuGiới thiệuGiới thiệuGiới thiệuGiới thiệuGiới thiệuGiới thiệuGiới thiệuGiới thiệuGiới thiệuGiới thiệuGiới thiệuGiới thiệuGiới thiệuGiới thiệuGiới thiệuGiới thiệuGiới thiệuGiới thiệuGiới thiệuGiới thiệuGiới thiệuGiới thiệuGiới thiệuGiới thiệuGiới thiệuGiới thiệuGiới thiệu</p>\r\n\r\n<p><strong>Nội dung Nội dung</strong>Giới thiệuGiới thiệuGiới thiệuGiới thiệuGiới thiệuGiới thiệuGiới thiệuGiới thiệuGiới thiệuGiới thiệuGiới thiệuGiới thiệuGiới thiệuGiới thiệuGiới thiệuGiới thiệuGiới thiệuGiới thiệuGiới thiệuGiới thiệuGiới thiệuGiới thiệuGiới thiệuGiới thiệuGiới thiệuGiới thiệuGiới thiệuGiới thiệu</p>\r\n\r\n<p><strong>Nội dung Nội dung</strong>Giới thiệuGiới thiệuGiới thiệuGiới thiệuGiới thiệuGiới thiệuGiới thiệuGiới thiệuGiới thiệuGiới thiệuGiới thiệuGiới thiệuGiới thiệuGiới thiệuGiới thiệuGiới thiệuGiới thiệuGiới thiệuGiới thiệuGiới thiệuGiới thiệuGiới thiệuGiới thiệuGiới thiệuGiới thiệuGiới thiệuGiới thiệuGiới thiệu</p>\r\n', 1, 1, 14, '2014-05-26 11:50:57'),
(4, 'bbbb', 'IMG_0939.jpg', '<p>k c&oacute; j cả</p>\r\n\r\n<p>k c&oacute; j cả</p>\r\n\r\n<p>&nbsp;</p>\r\n', 2, 0, 16, '2014-05-26 13:24:54'),
(5, 'Giới thiệu 1', '-1-011018190627daisy_wet-4933.jpg', '<p><strong>Nội dungNội dung</strong>Giới thiệu 1Giới thiệu 1Giới thiệu 1Giới thiệu 1Giới thiệu 1Giới thiệu 1Giới thiệu 1Giới thiệu 1</p>\r\n\r\n<p><strong>Nội dungNội dung</strong>Giới thiệu 1Giới thiệu 1Giới thiệu 1Giới thiệu 1Giới thiệu 1Giới thiệu 1Giới thiệu 1Giới thiệu 1</p>\r\n\r\n<p><strong>Nội dungNội dung</strong>Giới thiệu 1Giới thiệu 1Giới thiệu 1Giới thiệu 1Giới thiệu 1Giới thiệu 1Giới thiệu 1Giới thiệu 1</p>\r\n\r\n<p><strong>Nội dungNội dung</strong>Giới thiệu 1Giới thiệu 1Giới thiệu 1Giới thiệu 1Giới thiệu 1Giới thiệu 1Giới thiệu 1Giới thiệu 1</p>\r\n', 1, 1, 5, '2014-05-27 09:01:22'),
(6, 'Kiến thức bể cá 1', '-1-020316132807seeing_colors257.jpg', '<p>Kiến thức bể c&aacute; 1Kiến thức bể c&aacute; 1Kiến thức bể c&aacute; 1Kiến thức bể c&aacute; 1Kiến thức bể c&aacute; 1Kiến thức bể c&aacute; 1Kiến thức bể c&aacute; 1</p>\r\n\r\n<p>aaaaaaKiến thức bể c&aacute; 1Kiến thức bể c&aacute; 1Kiến thức bể c&aacute; 1Kiến thức bể c&aacute; 1Kiến thức bể c&aacute; 1Kiến thức bể c&aacute; 1Kiến thức bể c&aacute; 1</p>\r\n\r\n<p>bbbbbbbKiến thức bể c&aacute; 1Kiến thức bể c&aacute; 1Kiến thức bể c&aacute; 1Kiến thức bể c&aacute; 1Kiến thức bể c&aacute; 1Kiến thức bể c&aacute; 1Kiến thức bể c&aacute; 1</p>\r\n', 3, 1, 15, '2014-05-27 09:02:36'),
(7, 'Kiến thức bể cá 2', '-1-NovemberRainbyHaraldBildner.jpg', '<p>Kiến thức bể c&aacute; 2Kiến thức bể c&aacute; 2Kiến thức bể c&aacute; 2Kiến thức bể c&aacute; 2</p>\r\n\r\n<p>&nbsp;</p>\r\n\r\n<p>Kiến thức bể c&aacute; 2Kiến thức bể c&aacute; 2Kiến thức bể c&aacute; 2Kiến thức bể c&aacute; 2</p>\r\n', 3, 1, 4, '2014-05-27 09:05:47'),
(8, 'Dịch vụ 1', '-1-020412032634untitled-27_copy.jpg', '<p>Nội Dung Dịch vụ 1.</p>\r\n\r\n<p>Nội Dung Dịch vụ 1.</p>\r\n\r\n<p>Nội Dung Dịch vụ 1.</p>\r\n', 2, 0, 15, '2014-05-27 09:11:36'),
(9, 'Kiến thức bể cá 3', '-1-021110122634bottle.jpg', '<p>Nội Dung</p>\r\n\r\n<p>Kiến thức bể c&aacute; 3Kiến thức bể c&aacute; 3Kiến thức bể c&aacute; 3Kiến thức bể c&aacute; 3Kiến thức bể c&aacute; 3</p>\r\n', 3, 1, 10, '2014-05-27 09:22:00'),
(10, 'Kiến thức bể cá 4', '-1-0701020009181flood_of_juice.jpg', '<p>Nội dung</p>\r\n\r\n<p>Kiến thức bể c&aacute; 4&nbsp;Kiến thức bể c&aacute; 4&nbsp;Kiến thức bể c&aacute; 4</p>\r\n', 1, 1, 11, '2014-05-27 09:22:40'),
(11, 'Kiến thức bể cá 5', '-1-011113102128eggcandle.jpg', '<p>Nội dung</p>\r\n\r\n<p>Kiến thức bể c&aacute;5</p>\r\n', 3, 1, 9, '2014-05-27 09:23:04'),
(12, 'Giới thiệu 2', '-1-200132592242C.jpg', '<p><img alt="" src="/app/webroot/upload/images/(1)0411070356491indapple1_a.jpg" style="height:480px; width:720px" />Nội dung</p>\r\n\r\n<p>Giới thiệu 2</p>\r\n', 1, 1, 3, '2014-05-27 09:23:30'),
(13, 'Giới thiệu 3', '-1-0703071256011gb1.jpg', '<p>Nội dung</p>\r\n\r\n<p>Giới thiệu 3</p>\r\n', 1, 1, 8, '2014-05-27 09:23:47'),
(14, 'Giới thiệu 4', '-1-0502261219581light_on_white_challenge_.jpg', '<p>Nội dung</p>\r\n\r\n<p>Giới thiệu 4</p>\r\n', 1, 1, 13, '2014-05-27 09:24:02'),
(15, 'Giới thiệu 5', '-1-0411201019431dscf0033frost_ble.jpg', '<p>Nội dung</p>\r\n\r\n<p>Giới thiệu 5</p>\r\n', 1, 1, 17, '2014-05-27 09:24:17'),
(16, 'Dịch vụ 2', '-1-0409160753501pearskies.jpg', '<p>Nội dung</p>\r\n\r\n<p>Dịch vụ 2</p>\r\n', 2, 0, 7, '2014-05-27 09:24:48'),
(17, 'Dịch vụ 3', '-1-0501281715051dsc00639-2rw2.jpg', '<p>Nội dung</p>\r\n\r\n<p>Dịch vụ 3</p>\r\n', 2, 0, 16, '2014-05-27 09:25:31'),
(18, 'Dịch vụ 4', '-1-0304161804031103nikonnewimage22062.jpg', '<p>Nội dung</p>\r\n\r\n<p>Dịch vụ 4</p>\r\n', 2, 1, 1, '2014-05-27 09:25:49'),
(19, 'Dịch vụ 5', '-1-SoupladlebyBarrThierry.jpg', '<p>Nội dung</p>\r\n\r\n<p>Dịch vụ&nbsp;</p>\r\n', 2, 1, 14, '2014-05-27 09:26:19'),
(20, 'Tin tức 1', '-1-0701020341061rusting_cutting.jpg', '<p>Nội dung</p>\r\n\r\n<p>Tin tức 1&nbsp;</p>\r\n', 4, 1, 17, '2014-05-27 09:26:51'),
(21, 'Tin tức 2', '020717165012dscf0087.jpg', '<p>Nội dung</p>\r\n\r\n<p>Tin tức 2</p>\r\n', 4, 1, 17, '2014-05-27 09:27:08'),
(22, 'Tin tức 3', '-1-0408161555351salsa.jpg', '<p><img alt="" src="/app/webroot/upload/images/(1)0411070356491indapple1_a.jpg" style="height:480px; width:720px" /></p>\r\n\r\n<p>Nội dung</p>\r\n\r\n<p>Tin tức 3</p>\r\n', 4, 1, 2, '2014-05-27 09:27:32'),
(23, 'Tin tức 4', '-1-sl23.jpg', '<p>Nội dung</p>\r\n\r\n<p>Tin tức 4</p>\r\n', 4, 1, 6, '2014-05-27 09:28:25'),
(24, 'Tin tức 5', '-1-0508081733021simply_relaxing.jpg', '<p>Nội dung</p>\r\n\r\n<p>Tin tức 5</p>\r\n', 4, 1, 12, '2014-05-27 09:29:27'),
(25, 'Tin tức 6', '-1-0611262257021wineglassblue_thumbnail1.jpg', '<p><strong>Khi người lớn lợi dụng Tết thiếu nhi để vụ lợi</strong></p>\r\n\r\n<div style="margin: 0px; padding: 0px; font-family: ''Times New Roman''; font-size: 16px; line-height: 20px; -webkit-text-stroke-color: rgba(255, 255, 255, 0.00784314); -webkit-text-stroke-width: 0.10000000149011612px;">&nbsp;</div>\r\n\r\n<div style="margin: 0px; padding: 0px; font-family: ''Times New Roman''; font-size: 16px; line-height: 20px; -webkit-text-stroke-color: rgba(255, 255, 255, 0.00784314); -webkit-text-stroke-width: 0.10000000149011612px;">1/6 c&ograve;n chưa đến, nhưng tr&ecirc;n facebook đ&atilde; rầm rộ những lời b&agrave;n t&aacute;n về Tết thiếu nhi. Trong khi mu&ocirc;n v&agrave;n người lưỡng lự kh&ocirc;ng biết n&ecirc;n mua thứ g&igrave; cho con, hoặc hồi tưởng về tuổi thơ, th&igrave; c&oacute; kh&aacute; nhiều d&acirc;n c&ocirc;ng sở ph&agrave;n n&agrave;n về chuyện qu&agrave; c&aacute;p của c&ocirc;ng ty d&agrave;nh cho c&aacute;c b&eacute;.</div>\r\n\r\n<div style="margin: 0px; padding: 0px; font-family: ''Times New Roman''; font-size: 16px; line-height: 20px; -webkit-text-stroke-color: rgba(255, 255, 255, 0.00784314); -webkit-text-stroke-width: 0.10000000149011612px;">&nbsp;</div>\r\n\r\n<div style="margin: 0px; padding: 0px; font-family: ''Times New Roman''; font-size: 16px; line-height: 20px; -webkit-text-stroke-color: rgba(255, 255, 255, 0.00784314); -webkit-text-stroke-width: 0.10000000149011612px;">Chị K., nh&acirc;n vi&ecirc;n kinh doanh bức x&uacute;c viết một note d&agrave;i tỏ vẻ bức x&uacute;c tr&ecirc;n facebook c&aacute; nh&acirc;n. Hỏi ra mới biết, chị ph&aacute;t hiện ra kế to&aacute;n của c&ocirc;ng ty ăn chặn tiền 1/6 của con em c&aacute;n bộ c&ocirc;ng nh&acirc;n vi&ecirc;n bao l&acirc;u nay.</div>\r\n\r\n<div style="margin: 0px; padding: 0px; font-family: ''Times New Roman''; font-size: 16px; line-height: 20px; -webkit-text-stroke-color: rgba(255, 255, 255, 0.00784314); -webkit-text-stroke-width: 0.10000000149011612px;">&nbsp;</div>\r\n\r\n<div style="margin: 0px; padding: 0px; font-family: ''Times New Roman''; font-size: 16px; line-height: 20px; -webkit-text-stroke-color: rgba(255, 255, 255, 0.00784314); -webkit-text-stroke-width: 0.10000000149011612px; text-align: center;"><em><img alt="Tết thiếu nhi và chuyện bi hài nơi công sở 1" src="http://afamily1.vcmedia.vn/k:thumb_w/600/4a4pVwK3xucccccccccccctBPajGwV/Image/2014/05/thieu-nhi-ava-c5af2/tet-thieu-nhi-va-chuyen-bi-hai-noi-cong-so.jpg" style="-webkit-appearance:none; border:none; cursor:none; margin:0px; max-width:620px; outline:none; padding:0px" title="Tết thiếu nhi và chuyện bi hài nơi công sở 1" /><br />\r\nTết thiếu nhi v&agrave; chốn c&ocirc;ng sở tưởng chừng chẳng li&ecirc;n quan đến nhau, nhưng thực tế, c&oacute; rất nhiều chuyện bi h&agrave;i ở c&ocirc;ng sở c&oacute; li&ecirc;n quan tới ng&agrave;y 1/6 - (Ảnh minh họa)</em></div>\r\n\r\n<div style="margin: 0px; padding: 0px; font-family: ''Times New Roman''; font-size: 16px; line-height: 20px; -webkit-text-stroke-color: rgba(255, 255, 255, 0.00784314); -webkit-text-stroke-width: 0.10000000149011612px;">&nbsp;</div>\r\n\r\n<div style="margin: 0px; padding: 0px; font-family: ''Times New Roman''; font-size: 16px; line-height: 20px; -webkit-text-stroke-color: rgba(255, 255, 255, 0.00784314); -webkit-text-stroke-width: 0.10000000149011612px;">Chuyện l&agrave; h&ocirc;m 25/5 vừa rồi, c&ocirc;ng ty đổ lương h&agrave;ng loạt, k&egrave;m theo tiền 1/6 cho con em của nh&acirc;n vi&ecirc;n, mỗi ch&aacute;u được 150 ng&agrave;n đồng. Chị K. c&ugrave;ng anh em trong c&ocirc;ng ty thấy tiền mừng tăng 50 ng&agrave;n so với những năm trước th&igrave; mừng rỡ. Chị K. nhắn kế to&aacute;n mới hỏi&nbsp;<em>&quot;Năm nay sếp tho&aacute;ng hơn hả em. Ch&iacute;nh s&aacute;ch thay đổi hả?&quot;</em>&nbsp;th&igrave; nhận được c&acirc;u trả lời ố &aacute;:&nbsp;<em>&quot;Tăng từ năm ngo&aacute;i rồi m&agrave; chị ơi&quot;</em>.</div>\r\n\r\n<div style="margin: 0px; padding: 0px; font-family: ''Times New Roman''; font-size: 16px; line-height: 20px; -webkit-text-stroke-color: rgba(255, 255, 255, 0.00784314); -webkit-text-stroke-width: 0.10000000149011612px;">&nbsp;</div>\r\n\r\n<div style="margin: 0px; padding: 0px; font-family: ''Times New Roman''; font-size: 16px; line-height: 20px; -webkit-text-stroke-color: rgba(255, 255, 255, 0.00784314); -webkit-text-stroke-width: 0.10000000149011612px;">L&uacute;c đ&oacute;, chị K. c&ugrave;ng mọi người xung quanh mới giật m&igrave;nh, l&ecirc;n hỏi ph&ograve;ng nh&acirc;n sự th&igrave; đ&uacute;ng l&agrave; ch&iacute;nh s&aacute;ch 1/6 của c&ocirc;ng ty tăng từ năm ngo&aacute;i, c&oacute; k&yacute; duyệt ng&acirc;n s&aacute;ch đ&agrave;ng ho&agrave;ng. L&uacute;c đ&oacute;, mọi người mới t&aacute; hỏa, kế to&aacute;n cũ đ&atilde; nh&acirc;n cơ hội trục lợi, ăn bớt tiền của những &quot;d&acirc;n đen&quot; b&ecirc;n dưới kh&ocirc;ng nắm r&otilde; th&ocirc;ng tin.&nbsp;</div>\r\n\r\n<div style="margin: 0px; padding: 0px; font-family: ''Times New Roman''; font-size: 16px; line-height: 20px; -webkit-text-stroke-color: rgba(255, 255, 255, 0.00784314); -webkit-text-stroke-width: 0.10000000149011612px;">&nbsp;</div>\r\n\r\n<div style="margin: 0px; padding: 0px; font-family: ''Times New Roman''; font-size: 16px; line-height: 20px; -webkit-text-stroke-color: rgba(255, 255, 255, 0.00784314); -webkit-text-stroke-width: 0.10000000149011612px;">Tổng số tiền bị ăn chặn cũng chỉ v&agrave;i triệu, n&ecirc;n sếp kh&ocirc;ng muốn l&ugrave;ng sục nh&acirc;n vi&ecirc;n cũ để d&ograve; hỏi, chỉ thắt chặt quản l&yacute; với bộ phận kế to&aacute;n. C&aacute;c &quot;d&acirc;n đen&quot; trong c&ocirc;ng ty cũng chẳng thể l&agrave;m g&igrave;, chỉ biết bức x&uacute;c, chửi bới kế to&aacute;n cũ với nhau cho hả dạ.</div>\r\n\r\n<div style="margin: 0px; padding: 0px; font-family: ''Times New Roman''; font-size: 16px; line-height: 20px; -webkit-text-stroke-color: rgba(255, 255, 255, 0.00784314); -webkit-text-stroke-width: 0.10000000149011612px;">&nbsp;</div>\r\n\r\n<div style="margin: 0px; padding: 0px; font-family: ''Times New Roman''; font-size: 16px; line-height: 20px; -webkit-text-stroke-color: rgba(255, 255, 255, 0.00784314); -webkit-text-stroke-width: 0.10000000149011612px;">Chị L., nh&acirc;n vi&ecirc;n ng&acirc;n h&agrave;ng th&igrave; c&aacute;u đi&ecirc;n v&igrave; bị đồng nghiệp lừa phỉnh. Chả l&agrave; chị muốn mua qu&agrave; cho con, nhưng đ&uacute;ng dịp đối t&aacute;c đổ lương cho nh&acirc;n vi&ecirc;n, n&ecirc;n bận rộn kh&ocirc;ng c&oacute; thời gian t&igrave;m kiếm, chọn lựa.</div>\r\n\r\n<div style="margin: 0px; padding: 0px; font-family: ''Times New Roman''; font-size: 16px; line-height: 20px; -webkit-text-stroke-color: rgba(255, 255, 255, 0.00784314); -webkit-text-stroke-width: 0.10000000149011612px;">&nbsp;</div>\r\n\r\n<div style="margin: 0px; padding: 0px; font-family: ''Times New Roman''; font-size: 16px; line-height: 20px; -webkit-text-stroke-color: rgba(255, 255, 255, 0.00784314); -webkit-text-stroke-width: 0.10000000149011612px; text-align: center;"><img alt="Tết thiếu nhi và chuyện bi hài nơi công sở 2" src="http://afamily1.vcmedia.vn/k:thumb_w/600/4a4pVwK3xucccccccccccctBPajGwV/Image/2014/05/thieu-nhi-shock-c5af2/tet-thieu-nhi-va-chuyen-bi-hai-noi-cong-so.jpg" style="-webkit-appearance:none; border:none; cursor:none; margin:0px; max-width:620px; outline:none; padding:0px" title="Tết thiếu nhi và chuyện bi hài nơi công sở 2" /><br />\r\n<em>Chị K. v&agrave; đồng nghiệp b&agrave;ng ho&agrave;ng khi biết con m&igrave;nh bị ăn bớt tiền mừng 1/6 - (Ảnh minh họa)</em></div>\r\n\r\n<div style="margin: 0px; padding: 0px; font-family: ''Times New Roman''; font-size: 16px; line-height: 20px; -webkit-text-stroke-color: rgba(255, 255, 255, 0.00784314); -webkit-text-stroke-width: 0.10000000149011612px;">&nbsp;</div>\r\n\r\n<div style="margin: 0px; padding: 0px; font-family: ''Times New Roman''; font-size: 16px; line-height: 20px; -webkit-text-stroke-color: rgba(255, 255, 255, 0.00784314); -webkit-text-stroke-width: 0.10000000149011612px;">Một đồng nghiệp c&ugrave;ng chi nh&aacute;nh ng&acirc;n h&agrave;ng, nhưng kh&aacute;c ph&ograve;ng ban sang rủ r&ecirc; mọi người mua quần &aacute;o em b&eacute; ủng hộ. Thấy chất liệu tốt, kiểu d&aacute;ng cũng được, chị đồng &yacute; mua d&ugrave; gi&aacute; hơi &quot;ch&aacute;t&quot;.&nbsp;</div>\r\n\r\n<div style="margin: 0px; padding: 0px; font-family: ''Times New Roman''; font-size: 16px; line-height: 20px; -webkit-text-stroke-color: rgba(255, 255, 255, 0.00784314); -webkit-text-stroke-width: 0.10000000149011612px;">&nbsp;</div>\r\n\r\n<div style="margin: 0px; padding: 0px; font-family: ''Times New Roman''; font-size: 16px; line-height: 20px; -webkit-text-stroke-color: rgba(255, 255, 255, 0.00784314); -webkit-text-stroke-width: 0.10000000149011612px;">Mua đồ về, g&oacute;i sẵn chỉ chờ đến ng&agrave;y tặng cho con, chị ph&aacute;t hiện ra m&igrave;nh mua đắt gần gấp đ&ocirc;i với gi&aacute; tr&ecirc;n mạng m&agrave; chị t&igrave;nh cờ tr&ocirc;ng thấy. Tức tối, chị chat với đồng nghiệp kia, hỏi l&yacute; do th&igrave; được trả lời l&agrave; chất liệu kh&aacute;c hẳn, rồi một b&ecirc;n h&agrave;ng xịn, một b&ecirc;n đểu, trong khi r&otilde; r&agrave;ng chị thấy y x&igrave; đ&uacute;c chẳng kh&aacute;c g&igrave;.&nbsp;</div>\r\n\r\n<div style="margin: 0px; padding: 0px; font-family: ''Times New Roman''; font-size: 16px; line-height: 20px; -webkit-text-stroke-color: rgba(255, 255, 255, 0.00784314); -webkit-text-stroke-width: 0.10000000149011612px;">&nbsp;</div>\r\n\r\n<div style="margin: 0px; padding: 0px; font-family: ''Times New Roman''; font-size: 16px; line-height: 20px; -webkit-text-stroke-color: rgba(255, 255, 255, 0.00784314); -webkit-text-stroke-width: 0.10000000149011612px;">Vốn l&agrave; người k&iacute;n kẽ, lại l&agrave;nh t&iacute;nh, chị L. cũng đ&agrave;nh n&iacute;n nhịn.<em>&nbsp;&quot;Chẳng lẽ lại v&igrave; v&agrave;i trăm ng&agrave;n m&agrave; ầm ĩ l&ecirc;n, lại mang tiếng ra&quot;</em>&nbsp;- chị thở d&agrave;i n&oacute;i.</div>\r\n\r\n<div style="margin: 0px; padding: 0px; font-family: ''Times New Roman''; font-size: 16px; line-height: 20px; -webkit-text-stroke-color: rgba(255, 255, 255, 0.00784314); -webkit-text-stroke-width: 0.10000000149011612px;">&nbsp;</div>\r\n\r\n<div style="margin: 0px; padding: 0px; font-family: ''Times New Roman''; font-size: 16px; line-height: 20px; -webkit-text-stroke-color: rgba(255, 255, 255, 0.00784314); -webkit-text-stroke-width: 0.10000000149011612px;"><strong>Những m&oacute;n qu&agrave; kỳ dị</strong></div>\r\n\r\n<div style="margin: 0px; padding: 0px; font-family: ''Times New Roman''; font-size: 16px; line-height: 20px; -webkit-text-stroke-color: rgba(255, 255, 255, 0.00784314); -webkit-text-stroke-width: 0.10000000149011612px;">&nbsp;</div>\r\n\r\n<div style="margin: 0px; padding: 0px; font-family: ''Times New Roman''; font-size: 16px; line-height: 20px; -webkit-text-stroke-color: rgba(255, 255, 255, 0.00784314); -webkit-text-stroke-width: 0.10000000149011612px;">1/6 năm nay, chị P. c&ugrave;ng đồng nghiệp m&eacute;o mặt v&igrave; m&oacute;n qu&agrave; của c&ocirc;ng ty d&agrave;nh cho con em. Bởi thiếu ng&acirc;n s&aacute;ch, ế h&agrave;ng, c&ocirc;ng ty lại quyết định tặng vật phẩm cho nh&acirc;n vi&ecirc;n. Mặt h&agrave;ng được tặng l&agrave; một lố d&eacute;p nhựa đi trong nh&agrave;, k&iacute;ch cỡ to đ&ugrave;ng của người lớn, b&eacute; nh&agrave; chị chẳng bao giờ d&ugrave;ng đến.</div>\r\n\r\n<div style="margin: 0px; padding: 0px; font-family: ''Times New Roman''; font-size: 16px; line-height: 20px; -webkit-text-stroke-color: rgba(255, 255, 255, 0.00784314); -webkit-text-stroke-width: 0.10000000149011612px;">&nbsp;</div>\r\n\r\n<div style="margin: 0px; padding: 0px; font-family: ''Times New Roman''; font-size: 16px; line-height: 20px; -webkit-text-stroke-color: rgba(255, 255, 255, 0.00784314); -webkit-text-stroke-width: 0.10000000149011612px; text-align: center;"><img alt="Tết thiếu nhi và chuyện bi hài nơi công sở 3" src="http://afamily1.vcmedia.vn/k:thumb_w/600/4a4pVwK3xucccccccccccctBPajGwV/Image/2014/05/thieu-nhi-buon-c5af2/tet-thieu-nhi-va-chuyen-bi-hai-noi-cong-so.jpg" style="-webkit-appearance:none; border:none; margin:0px; max-width:620px; outline:none; padding:0px" title="Tết thiếu nhi và chuyện bi hài nơi công sở 3" /><br />\r\n<em>Chị P. ng&aacute;n ngẩm v&igrave; m&oacute;n qu&agrave; của c&ocirc;ng ty cho con m&igrave;nh - (Ảnh minh họa)</em></div>\r\n\r\n<div style="margin: 0px; padding: 0px; font-family: ''Times New Roman''; font-size: 16px; line-height: 20px; -webkit-text-stroke-color: rgba(255, 255, 255, 0.00784314); -webkit-text-stroke-width: 0.10000000149011612px;">&nbsp;</div>\r\n\r\n<div style="margin: 0px; padding: 0px; font-family: ''Times New Roman''; font-size: 16px; line-height: 20px; -webkit-text-stroke-color: rgba(255, 255, 255, 0.00784314); -webkit-text-stroke-width: 0.10000000149011612px;">X&eacute;t về gi&aacute; trị m&oacute;n qu&agrave;, c&ocirc;ng ty chị H. kh&ocirc;ng chi đậm bằng, nhưng x&eacute;t về gi&aacute; trị tinh thần, c&oacute; vẻ m&oacute;n qu&agrave; hợp với c&aacute;c em nhỏ hơn: con trai mỗi b&eacute; một quả b&oacute;ng nhựa, con g&aacute;i mỗi b&eacute; một bộ v&ograve;ng m&agrave;u sắc cũng bằng nhựa nốt. Nghe tin c&ocirc;ng ty c&oacute; qu&agrave; cho c&aacute;c b&eacute;, ai ai cũng hớn hở, nhưng khi nhận qu&agrave; tr&ecirc;n tay, mọi người lại buồn hiu v&igrave; gi&aacute; trị vật chất kh&ocirc;ng được như mong đợi.</div>\r\n\r\n<div style="margin: 0px; padding: 0px; font-family: ''Times New Roman''; font-size: 16px; line-height: 20px; -webkit-text-stroke-color: rgba(255, 255, 255, 0.00784314); -webkit-text-stroke-width: 0.10000000149011612px;">&nbsp;</div>\r\n\r\n<div style="margin: 0px; padding: 0px; font-family: ''Times New Roman''; font-size: 16px; line-height: 20px; -webkit-text-stroke-color: rgba(255, 255, 255, 0.00784314); -webkit-text-stroke-width: 0.10000000149011612px;">Kinh khủng nhất c&oacute; lẽ l&agrave; m&oacute;n qu&agrave; của cơ quan chị P. d&agrave;nh cho c&aacute;c b&eacute;. Chị l&agrave;m ở xưởng may. Đợt vừa rồi, một kh&aacute;ch h&agrave;ng ph&aacute; hợp đồng, bỏ trốn, khiến xưởng của chị bị dư l&ocirc; h&agrave;ng &aacute;o may &ocirc;, quần đ&ugrave;i. Gần đến 1/6, sếp chị n&oacute;i kh&oacute; với nh&acirc;n vi&ecirc;n:&nbsp;<em>&quot;C&aacute;c em th&ocirc;ng cảm, mang về tạm gi&uacute;p anh. Con kh&ocirc;ng d&ugrave;ng được, bố d&ugrave;ng thay con, coi như cũng tiết kiệm được một khoản mua đồ cho bố. C&ocirc;ng ty đang đợt kh&oacute; khăn, anh cũng bất đắc dĩ...&quot;</em></div>\r\n', 4, 1, 7, '2014-05-27 09:30:41'),
(26, 'Giới thiệu 6', '-1-0507020013191iceberg-tomatoes.jpg', '<p>Nội dung</p>\r\n\r\n<p>Giới thiệu 6&nbsp;</p>\r\n', 1, 0, 6, '2014-05-27 09:31:14'),
(27, 'Dịch vụ 6', '-1-0512142154531capuccino.jpg', '<p><strong>Khi người lớn lợi dụng Tết thiếu nhi để vụ lợi</strong></p>\r\n\r\n<div style="margin: 0px; padding: 0px; font-family: ''Times New Roman''; font-size: 16px; line-height: 20px; -webkit-text-stroke-color: rgba(255, 255, 255, 0.00784314); -webkit-text-stroke-width: 0.10000000149011612px;">&nbsp;</div>\r\n\r\n<div style="margin: 0px; padding: 0px; font-family: ''Times New Roman''; font-size: 16px; line-height: 20px; -webkit-text-stroke-color: rgba(255, 255, 255, 0.00784314); -webkit-text-stroke-width: 0.10000000149011612px;">1/6 c&ograve;n chưa đến, nhưng tr&ecirc;n facebook đ&atilde; rầm rộ những lời b&agrave;n t&aacute;n về Tết thiếu nhi. Trong khi mu&ocirc;n v&agrave;n người lưỡng lự kh&ocirc;ng biết n&ecirc;n mua thứ g&igrave; cho con, hoặc hồi tưởng về tuổi thơ, th&igrave; c&oacute; kh&aacute; nhiều d&acirc;n c&ocirc;ng sở ph&agrave;n n&agrave;n về chuyện qu&agrave; c&aacute;p của c&ocirc;ng ty d&agrave;nh cho c&aacute;c b&eacute;.</div>\r\n\r\n<div style="margin: 0px; padding: 0px; font-family: ''Times New Roman''; font-size: 16px; line-height: 20px; -webkit-text-stroke-color: rgba(255, 255, 255, 0.00784314); -webkit-text-stroke-width: 0.10000000149011612px;">&nbsp;</div>\r\n\r\n<div style="margin: 0px; padding: 0px; font-family: ''Times New Roman''; font-size: 16px; line-height: 20px; -webkit-text-stroke-color: rgba(255, 255, 255, 0.00784314); -webkit-text-stroke-width: 0.10000000149011612px;">Chị K., nh&acirc;n vi&ecirc;n kinh doanh bức x&uacute;c viết một note d&agrave;i tỏ vẻ bức x&uacute;c tr&ecirc;n facebook c&aacute; nh&acirc;n. Hỏi ra mới biết, chị ph&aacute;t hiện ra kế to&aacute;n của c&ocirc;ng ty ăn chặn tiền 1/6 của con em c&aacute;n bộ c&ocirc;ng nh&acirc;n vi&ecirc;n bao l&acirc;u nay.</div>\r\n\r\n<div style="margin: 0px; padding: 0px; font-family: ''Times New Roman''; font-size: 16px; line-height: 20px; -webkit-text-stroke-color: rgba(255, 255, 255, 0.00784314); -webkit-text-stroke-width: 0.10000000149011612px;">&nbsp;</div>\r\n\r\n<div style="margin: 0px; padding: 0px; font-family: ''Times New Roman''; font-size: 16px; line-height: 20px; -webkit-text-stroke-color: rgba(255, 255, 255, 0.00784314); -webkit-text-stroke-width: 0.10000000149011612px; text-align: center;"><em><img alt="Tết thiếu nhi và chuyện bi hài nơi công sở 1" src="http://afamily1.vcmedia.vn/k:thumb_w/600/4a4pVwK3xucccccccccccctBPajGwV/Image/2014/05/thieu-nhi-ava-c5af2/tet-thieu-nhi-va-chuyen-bi-hai-noi-cong-so.jpg" style="-webkit-appearance:none; border:none; cursor:none; margin:0px; max-width:620px; outline:none; padding:0px" title="Tết thiếu nhi và chuyện bi hài nơi công sở 1" /><br />\r\nTết thiếu nhi v&agrave; chốn c&ocirc;ng sở tưởng chừng chẳng li&ecirc;n quan đến nhau, nhưng thực tế, c&oacute; rất nhiều chuyện bi h&agrave;i ở c&ocirc;ng sở c&oacute; li&ecirc;n quan tới ng&agrave;y 1/6 - (Ảnh minh họa)</em></div>\r\n\r\n<div style="margin: 0px; padding: 0px; font-family: ''Times New Roman''; font-size: 16px; line-height: 20px; -webkit-text-stroke-color: rgba(255, 255, 255, 0.00784314); -webkit-text-stroke-width: 0.10000000149011612px;">&nbsp;</div>\r\n\r\n<div style="margin: 0px; padding: 0px; font-family: ''Times New Roman''; font-size: 16px; line-height: 20px; -webkit-text-stroke-color: rgba(255, 255, 255, 0.00784314); -webkit-text-stroke-width: 0.10000000149011612px;">Chuyện l&agrave; h&ocirc;m 25/5 vừa rồi, c&ocirc;ng ty đổ lương h&agrave;ng loạt, k&egrave;m theo tiền 1/6 cho con em của nh&acirc;n vi&ecirc;n, mỗi ch&aacute;u được 150 ng&agrave;n đồng. Chị K. c&ugrave;ng anh em trong c&ocirc;ng ty thấy tiền mừng tăng 50 ng&agrave;n so với những năm trước th&igrave; mừng rỡ. Chị K. nhắn kế to&aacute;n mới hỏi&nbsp;<em>&quot;Năm nay sếp tho&aacute;ng hơn hả em. Ch&iacute;nh s&aacute;ch thay đổi hả?&quot;</em>&nbsp;th&igrave; nhận được c&acirc;u trả lời ố &aacute;:&nbsp;<em>&quot;Tăng từ năm ngo&aacute;i rồi m&agrave; chị ơi&quot;</em>.</div>\r\n\r\n<div style="margin: 0px; padding: 0px; font-family: ''Times New Roman''; font-size: 16px; line-height: 20px; -webkit-text-stroke-color: rgba(255, 255, 255, 0.00784314); -webkit-text-stroke-width: 0.10000000149011612px;">&nbsp;</div>\r\n\r\n<div style="margin: 0px; padding: 0px; font-family: ''Times New Roman''; font-size: 16px; line-height: 20px; -webkit-text-stroke-color: rgba(255, 255, 255, 0.00784314); -webkit-text-stroke-width: 0.10000000149011612px;">L&uacute;c đ&oacute;, chị K. c&ugrave;ng mọi người xung quanh mới giật m&igrave;nh, l&ecirc;n hỏi ph&ograve;ng nh&acirc;n sự th&igrave; đ&uacute;ng l&agrave; ch&iacute;nh s&aacute;ch 1/6 của c&ocirc;ng ty tăng từ năm ngo&aacute;i, c&oacute; k&yacute; duyệt ng&acirc;n s&aacute;ch đ&agrave;ng ho&agrave;ng. L&uacute;c đ&oacute;, mọi người mới t&aacute; hỏa, kế to&aacute;n cũ đ&atilde; nh&acirc;n cơ hội trục lợi, ăn bớt tiền của những &quot;d&acirc;n đen&quot; b&ecirc;n dưới kh&ocirc;ng nắm r&otilde; th&ocirc;ng tin.&nbsp;</div>\r\n\r\n<div style="margin: 0px; padding: 0px; font-family: ''Times New Roman''; font-size: 16px; line-height: 20px; -webkit-text-stroke-color: rgba(255, 255, 255, 0.00784314); -webkit-text-stroke-width: 0.10000000149011612px;">&nbsp;</div>\r\n\r\n<div style="margin: 0px; padding: 0px; font-family: ''Times New Roman''; font-size: 16px; line-height: 20px; -webkit-text-stroke-color: rgba(255, 255, 255, 0.00784314); -webkit-text-stroke-width: 0.10000000149011612px;">Tổng số tiền bị ăn chặn cũng chỉ v&agrave;i triệu, n&ecirc;n sếp kh&ocirc;ng muốn l&ugrave;ng sục nh&acirc;n vi&ecirc;n cũ để d&ograve; hỏi, chỉ thắt chặt quản l&yacute; với bộ phận kế to&aacute;n. C&aacute;c &quot;d&acirc;n đen&quot; trong c&ocirc;ng ty cũng chẳng thể l&agrave;m g&igrave;, chỉ biết bức x&uacute;c, chửi bới kế to&aacute;n cũ với nhau cho hả dạ.</div>\r\n\r\n<div style="margin: 0px; padding: 0px; font-family: ''Times New Roman''; font-size: 16px; line-height: 20px; -webkit-text-stroke-color: rgba(255, 255, 255, 0.00784314); -webkit-text-stroke-width: 0.10000000149011612px;">&nbsp;</div>\r\n\r\n<div style="margin: 0px; padding: 0px; font-family: ''Times New Roman''; font-size: 16px; line-height: 20px; -webkit-text-stroke-color: rgba(255, 255, 255, 0.00784314); -webkit-text-stroke-width: 0.10000000149011612px;">Chị L., nh&acirc;n vi&ecirc;n ng&acirc;n h&agrave;ng th&igrave; c&aacute;u đi&ecirc;n v&igrave; bị đồng nghiệp lừa phỉnh. Chả l&agrave; chị muốn mua qu&agrave; cho con, nhưng đ&uacute;ng dịp đối t&aacute;c đổ lương cho nh&acirc;n vi&ecirc;n, n&ecirc;n bận rộn kh&ocirc;ng c&oacute; thời gian t&igrave;m kiếm, chọn lựa.</div>\r\n\r\n<div style="margin: 0px; padding: 0px; font-family: ''Times New Roman''; font-size: 16px; line-height: 20px; -webkit-text-stroke-color: rgba(255, 255, 255, 0.00784314); -webkit-text-stroke-width: 0.10000000149011612px;">&nbsp;</div>\r\n\r\n<div style="margin: 0px; padding: 0px; font-family: ''Times New Roman''; font-size: 16px; line-height: 20px; -webkit-text-stroke-color: rgba(255, 255, 255, 0.00784314); -webkit-text-stroke-width: 0.10000000149011612px; text-align: center;"><img alt="Tết thiếu nhi và chuyện bi hài nơi công sở 2" src="http://afamily1.vcmedia.vn/k:thumb_w/600/4a4pVwK3xucccccccccccctBPajGwV/Image/2014/05/thieu-nhi-shock-c5af2/tet-thieu-nhi-va-chuyen-bi-hai-noi-cong-so.jpg" style="-webkit-appearance:none; border:none; cursor:none; margin:0px; max-width:620px; outline:none; padding:0px" title="Tết thiếu nhi và chuyện bi hài nơi công sở 2" /><br />\r\n<em>Chị K. v&agrave; đồng nghiệp b&agrave;ng ho&agrave;ng khi biết con m&igrave;nh bị ăn bớt tiền mừng 1/6 - (Ảnh minh họa)</em></div>\r\n\r\n<div style="margin: 0px; padding: 0px; font-family: ''Times New Roman''; font-size: 16px; line-height: 20px; -webkit-text-stroke-color: rgba(255, 255, 255, 0.00784314); -webkit-text-stroke-width: 0.10000000149011612px;">&nbsp;</div>\r\n\r\n<div style="margin: 0px; padding: 0px; font-family: ''Times New Roman''; font-size: 16px; line-height: 20px; -webkit-text-stroke-color: rgba(255, 255, 255, 0.00784314); -webkit-text-stroke-width: 0.10000000149011612px;">Một đồng nghiệp c&ugrave;ng chi nh&aacute;nh ng&acirc;n h&agrave;ng, nhưng kh&aacute;c ph&ograve;ng ban sang rủ r&ecirc; mọi người mua quần &aacute;o em b&eacute; ủng hộ. Thấy chất liệu tốt, kiểu d&aacute;ng cũng được, chị đồng &yacute; mua d&ugrave; gi&aacute; hơi &quot;ch&aacute;t&quot;.&nbsp;</div>\r\n\r\n<div style="margin: 0px; padding: 0px; font-family: ''Times New Roman''; font-size: 16px; line-height: 20px; -webkit-text-stroke-color: rgba(255, 255, 255, 0.00784314); -webkit-text-stroke-width: 0.10000000149011612px;">&nbsp;</div>\r\n\r\n<div style="margin: 0px; padding: 0px; font-family: ''Times New Roman''; font-size: 16px; line-height: 20px; -webkit-text-stroke-color: rgba(255, 255, 255, 0.00784314); -webkit-text-stroke-width: 0.10000000149011612px;">Mua đồ về, g&oacute;i sẵn chỉ chờ đến ng&agrave;y tặng cho con, chị ph&aacute;t hiện ra m&igrave;nh mua đắt gần gấp đ&ocirc;i với gi&aacute; tr&ecirc;n mạng m&agrave; chị t&igrave;nh cờ tr&ocirc;ng thấy. Tức tối, chị chat với đồng nghiệp kia, hỏi l&yacute; do th&igrave; được trả lời l&agrave; chất liệu kh&aacute;c hẳn, rồi một b&ecirc;n h&agrave;ng xịn, một b&ecirc;n đểu, trong khi r&otilde; r&agrave;ng chị thấy y x&igrave; đ&uacute;c chẳng kh&aacute;c g&igrave;.&nbsp;</div>\r\n\r\n<div style="margin: 0px; padding: 0px; font-family: ''Times New Roman''; font-size: 16px; line-height: 20px; -webkit-text-stroke-color: rgba(255, 255, 255, 0.00784314); -webkit-text-stroke-width: 0.10000000149011612px;">&nbsp;</div>\r\n\r\n<div style="margin: 0px; padding: 0px; font-family: ''Times New Roman''; font-size: 16px; line-height: 20px; -webkit-text-stroke-color: rgba(255, 255, 255, 0.00784314); -webkit-text-stroke-width: 0.10000000149011612px;">Vốn l&agrave; người k&iacute;n kẽ, lại l&agrave;nh t&iacute;nh, chị L. cũng đ&agrave;nh n&iacute;n nhịn.<em>&nbsp;&quot;Chẳng lẽ lại v&igrave; v&agrave;i trăm ng&agrave;n m&agrave; ầm ĩ l&ecirc;n, lại mang tiếng ra&quot;</em>&nbsp;- chị thở d&agrave;i n&oacute;i.</div>\r\n\r\n<div style="margin: 0px; padding: 0px; font-family: ''Times New Roman''; font-size: 16px; line-height: 20px; -webkit-text-stroke-color: rgba(255, 255, 255, 0.00784314); -webkit-text-stroke-width: 0.10000000149011612px;">&nbsp;</div>\r\n\r\n<div style="margin: 0px; padding: 0px; font-family: ''Times New Roman''; font-size: 16px; line-height: 20px; -webkit-text-stroke-color: rgba(255, 255, 255, 0.00784314); -webkit-text-stroke-width: 0.10000000149011612px;"><strong>Những m&oacute;n qu&agrave; kỳ dị</strong></div>\r\n\r\n<div style="margin: 0px; padding: 0px; font-family: ''Times New Roman''; font-size: 16px; line-height: 20px; -webkit-text-stroke-color: rgba(255, 255, 255, 0.00784314); -webkit-text-stroke-width: 0.10000000149011612px;">&nbsp;</div>\r\n\r\n<div style="margin: 0px; padding: 0px; font-family: ''Times New Roman''; font-size: 16px; line-height: 20px; -webkit-text-stroke-color: rgba(255, 255, 255, 0.00784314); -webkit-text-stroke-width: 0.10000000149011612px;">1/6 năm nay, chị P. c&ugrave;ng đồng nghiệp m&eacute;o mặt v&igrave; m&oacute;n qu&agrave; của c&ocirc;ng ty d&agrave;nh cho con em. Bởi thiếu ng&acirc;n s&aacute;ch, ế h&agrave;ng, c&ocirc;ng ty lại quyết định tặng vật phẩm cho nh&acirc;n vi&ecirc;n. Mặt h&agrave;ng được tặng l&agrave; một lố d&eacute;p nhựa đi trong nh&agrave;, k&iacute;ch cỡ to đ&ugrave;ng của người lớn, b&eacute; nh&agrave; chị chẳng bao giờ d&ugrave;ng đến.</div>\r\n\r\n<div style="margin: 0px; padding: 0px; font-family: ''Times New Roman''; font-size: 16px; line-height: 20px; -webkit-text-stroke-color: rgba(255, 255, 255, 0.00784314); -webkit-text-stroke-width: 0.10000000149011612px;">&nbsp;</div>\r\n\r\n<div style="margin: 0px; padding: 0px; font-family: ''Times New Roman''; font-size: 16px; line-height: 20px; -webkit-text-stroke-color: rgba(255, 255, 255, 0.00784314); -webkit-text-stroke-width: 0.10000000149011612px; text-align: center;"><img alt="Tết thiếu nhi và chuyện bi hài nơi công sở 3" src="http://afamily1.vcmedia.vn/k:thumb_w/600/4a4pVwK3xucccccccccccctBPajGwV/Image/2014/05/thieu-nhi-buon-c5af2/tet-thieu-nhi-va-chuyen-bi-hai-noi-cong-so.jpg" style="-webkit-appearance:none; border:none; margin:0px; max-width:620px; outline:none; padding:0px" title="Tết thiếu nhi và chuyện bi hài nơi công sở 3" /><br />\r\n<em>Chị P. ng&aacute;n ngẩm v&igrave; m&oacute;n qu&agrave; của c&ocirc;ng ty cho con m&igrave;nh - (Ảnh minh họa)</em></div>\r\n\r\n<div style="margin: 0px; padding: 0px; font-family: ''Times New Roman''; font-size: 16px; line-height: 20px; -webkit-text-stroke-color: rgba(255, 255, 255, 0.00784314); -webkit-text-stroke-width: 0.10000000149011612px;">&nbsp;</div>\r\n\r\n<div style="margin: 0px; padding: 0px; font-family: ''Times New Roman''; font-size: 16px; line-height: 20px; -webkit-text-stroke-color: rgba(255, 255, 255, 0.00784314); -webkit-text-stroke-width: 0.10000000149011612px;">X&eacute;t về gi&aacute; trị m&oacute;n qu&agrave;, c&ocirc;ng ty chị H. kh&ocirc;ng chi đậm bằng, nhưng x&eacute;t về gi&aacute; trị tinh thần, c&oacute; vẻ m&oacute;n qu&agrave; hợp với c&aacute;c em nhỏ hơn: con trai mỗi b&eacute; một quả b&oacute;ng nhựa, con g&aacute;i mỗi b&eacute; một bộ v&ograve;ng m&agrave;u sắc cũng bằng nhựa nốt. Nghe tin c&ocirc;ng ty c&oacute; qu&agrave; cho c&aacute;c b&eacute;, ai ai cũng hớn hở, nhưng khi nhận qu&agrave; tr&ecirc;n tay, mọi người lại buồn hiu v&igrave; gi&aacute; trị vật chất kh&ocirc;ng được như mong đợi.</div>\r\n\r\n<div style="margin: 0px; padding: 0px; font-family: ''Times New Roman''; font-size: 16px; line-height: 20px; -webkit-text-stroke-color: rgba(255, 255, 255, 0.00784314); -webkit-text-stroke-width: 0.10000000149011612px;">&nbsp;</div>\r\n\r\n<div style="margin: 0px; padding: 0px; font-family: ''Times New Roman''; font-size: 16px; line-height: 20px; -webkit-text-stroke-color: rgba(255, 255, 255, 0.00784314); -webkit-text-stroke-width: 0.10000000149011612px;">Kinh khủng nhất c&oacute; lẽ l&agrave; m&oacute;n qu&agrave; của cơ quan chị P. d&agrave;nh cho c&aacute;c b&eacute;. Chị l&agrave;m ở xưởng may. Đợt vừa rồi, một kh&aacute;ch h&agrave;ng ph&aacute; hợp đồng, bỏ trốn, khiến xưởng của chị bị dư l&ocirc; h&agrave;ng &aacute;o may &ocirc;, quần đ&ugrave;i. Gần đến 1/6, sếp chị n&oacute;i kh&oacute; với nh&acirc;n vi&ecirc;n:&nbsp;<em>&quot;C&aacute;c em th&ocirc;ng cảm, mang về tạm gi&uacute;p anh. Con kh&ocirc;ng d&ugrave;ng được, bố d&ugrave;ng thay con, coi như cũng tiết kiệm được một khoản mua đồ cho bố. C&ocirc;ng ty đang đợt kh&oacute; khăn, anh cũng bất đắc dĩ...&quot;</em></div>\r\n', 2, 1, 8, '2014-05-27 09:31:40'),
(28, 'Kiến thức bể cá 6', '-1-020507030816193-9309_crw_1anc.jpg', '<p><img alt="" src="/app/webroot/upload/images/0411070356491indapple1_a.jpg" style="height:480px; width:720px" /></p>\r\n\r\n<p>Nội Dung</p>\r\n\r\n<p>Kiến thức bể c&aacute; 6</p>\r\n', 3, 1, 9, '2014-05-27 09:32:11'),
(29, 'mới nhất', '103-small-a10.jpg', '<p><span style="color:rgb(74, 73, 70); font-family:arial,helvetica,sans-serif; font-size:12px">Số vốn ban đầu l&agrave; số tiền tiết kiệm từ thu nhập l&agrave;m th&ecirc;m của V&acirc;n. Nguồn cung c&aacute;c mặt h&agrave;ng thủ c&ocirc;ng như: Th&uacute; cuốn, hộp trang sức giấy cuốn, thiệp giấy cuốn, tranh th&ecirc;u, khăn tay th&ecirc;u, thiệp 3D popup&hellip; lấy từ Trung t&acirc;m khuyết tật Quỳnh Hoa (H&agrave; Nội), Trung t&acirc;m Dạy nghề v&agrave; tạo việc l&agrave;m cho người khuyết tật Huế, Nh&oacute;m thiệp Nh&acirc;n &aacute;i (H&agrave; Nội) v&agrave; trung t&acirc;m ở Nha Trang&hellip; C&aacute;c sản phẩm n&agrave;y sẽ được chuyển sang New Zealand bằng đường h&agrave;ng kh&ocirc;ng, chủ yếu l&agrave; nhờ c&aacute;c bạn du học sinh mang gi&uacute;p. V&acirc;n cho biết: &ldquo;Khi số lượng kh&aacute;ch h&agrave;ng nhiều hơn, sản phẩm của ch&uacute;ng m&igrave;nh xuất hiện ở nhiều chợ hơn th&igrave; bị rơi v&agrave;o t&igrave;nh cảnh thiếu h&agrave;ng. Để đảm bảo c&oacute; nguồn h&agrave;ng ổn định, m&igrave;nh quyết định chuyển h&agrave;ng qua bưu điện&rdquo;. Sản phẩm đồ thủ c&ocirc;ng được b&aacute;n ở New Zealand Sản phẩm đồ thủ c&ocirc;ng được b&aacute;n ở New Zealand Sản phẩm được b&aacute;n ch&iacute;nh tại c&aacute;c chợ cuối tuần ở th&agrave;nh phố Dunedin, dưới h&igrave;nh thức b&aacute;n h&agrave;ng trực tiếp. Ban đầu, V&acirc;n v&agrave; c&aacute;c bạn trong nh&oacute;m kh&aacute; lo lắng về sự &ldquo;kh&oacute; t&iacute;nh&rdquo; của thị trường nước ngo&agrave;i. Nhưng tr&ecirc;n thực tế, kh&aacute;ch h&agrave;ng New Zealand rất dễ t&iacute;nh, họ thường ưu ti&ecirc;n chọn mua c&aacute;c sản phẩm mang t&iacute;nh nh&acirc;n đạo (ethical products). &ldquo;C&oacute; một điều rất th&uacute; vị rằng, phần đ&ocirc;ng kh&aacute;ch h&agrave;ng khi đến quầy của HandiConnect v&agrave; tận tay cầm sản phẩm l&ecirc;n đều n&oacute;i rằng: &ldquo;Oh, it is gorgeous!&rdquo; (&ldquo;Ồ, sản phẩm n&agrave;y rất tuyệt!&rdquo;). Kh&aacute;ch h&agrave;ng c&ograve;n lu&ocirc;n động vi&ecirc;n v&agrave; g&oacute;p &yacute; ch&acirc;n th&agrave;nh để nh&oacute;m cải thiện sản phẩm. Ch&iacute;nh sự thuận lợi n&agrave;y cũng l&agrave; động lực gi&uacute;p tụi m&igrave;nh quyết t&acirc;m theo đuổi dự &aacute;n&rdquo;, V&acirc;n chia sẻ.</span></p>\r\n', 1, 1, 10, '2014-05-27 13:33:17'),
(31, 'Kiến thức bể cá 7', '04112011380410992glass4a_filtered.jpg', '<p><strong>Nội dung</strong>Kiến thức bể c&aacute; 7Kiến thức bể c&aacute; 7Kiến thức bể c&aacute; 7</p>\r\n', 3, 1, 11, '2014-05-27 14:31:47');
INSERT INTO `posts` (`id`, `title`, `image`, `content`, `post_category_id`, `active`, `display_order`, `created`) VALUES
(32, 'Kiến thức bể cá 8', '-1-bathinginsunshinebylpdragonfly.jpg', '<p><strong>Khi người lớn lợi dụng Tết thiếu nhi để vụ lợi</strong></p>\r\n\r\n<div style="margin: 0px; padding: 0px; font-family: ''Times New Roman''; font-size: 16px; line-height: 20px; -webkit-text-stroke-color: rgba(255, 255, 255, 0.00784314); -webkit-text-stroke-width: 0.10000000149011612px;">&nbsp;</div>\r\n\r\n<div style="margin: 0px; padding: 0px; font-family: ''Times New Roman''; font-size: 16px; line-height: 20px; -webkit-text-stroke-color: rgba(255, 255, 255, 0.00784314); -webkit-text-stroke-width: 0.10000000149011612px;">1/6 c&ograve;n chưa đến, nhưng tr&ecirc;n facebook đ&atilde; rầm rộ những lời b&agrave;n t&aacute;n về Tết thiếu nhi. Trong khi mu&ocirc;n v&agrave;n người lưỡng lự kh&ocirc;ng biết n&ecirc;n mua thứ g&igrave; cho con, hoặc hồi tưởng về tuổi thơ, th&igrave; c&oacute; kh&aacute; nhiều d&acirc;n c&ocirc;ng sở ph&agrave;n n&agrave;n về chuyện qu&agrave; c&aacute;p của c&ocirc;ng ty d&agrave;nh cho c&aacute;c b&eacute;.</div>\r\n\r\n<div style="margin: 0px; padding: 0px; font-family: ''Times New Roman''; font-size: 16px; line-height: 20px; -webkit-text-stroke-color: rgba(255, 255, 255, 0.00784314); -webkit-text-stroke-width: 0.10000000149011612px;">&nbsp;</div>\r\n\r\n<div style="margin: 0px; padding: 0px; font-family: ''Times New Roman''; font-size: 16px; line-height: 20px; -webkit-text-stroke-color: rgba(255, 255, 255, 0.00784314); -webkit-text-stroke-width: 0.10000000149011612px;">Chị K., nh&acirc;n vi&ecirc;n kinh doanh bức x&uacute;c viết một note d&agrave;i tỏ vẻ bức x&uacute;c tr&ecirc;n facebook c&aacute; nh&acirc;n. Hỏi ra mới biết, chị ph&aacute;t hiện ra kế to&aacute;n của c&ocirc;ng ty ăn chặn tiền 1/6 của con em c&aacute;n bộ c&ocirc;ng nh&acirc;n vi&ecirc;n bao l&acirc;u nay.</div>\r\n\r\n<div style="margin: 0px; padding: 0px; font-family: ''Times New Roman''; font-size: 16px; line-height: 20px; -webkit-text-stroke-color: rgba(255, 255, 255, 0.00784314); -webkit-text-stroke-width: 0.10000000149011612px;">&nbsp;</div>\r\n\r\n<div style="margin: 0px; padding: 0px; font-family: ''Times New Roman''; font-size: 16px; line-height: 20px; -webkit-text-stroke-color: rgba(255, 255, 255, 0.00784314); -webkit-text-stroke-width: 0.10000000149011612px; text-align: center;"><em><img alt="Tết thiếu nhi và chuyện bi hài nơi công sở 1" src="http://afamily1.vcmedia.vn/k:thumb_w/600/4a4pVwK3xucccccccccccctBPajGwV/Image/2014/05/thieu-nhi-ava-c5af2/tet-thieu-nhi-va-chuyen-bi-hai-noi-cong-so.jpg" style="-webkit-appearance:none; border:none; cursor:none; margin:0px; max-width:620px; outline:none; padding:0px" title="Tết thiếu nhi và chuyện bi hài nơi công sở 1" /><br />\r\nTết thiếu nhi v&agrave; chốn c&ocirc;ng sở tưởng chừng chẳng li&ecirc;n quan đến nhau, nhưng thực tế, c&oacute; rất nhiều chuyện bi h&agrave;i ở c&ocirc;ng sở c&oacute; li&ecirc;n quan tới ng&agrave;y 1/6 - (Ảnh minh họa)</em></div>\r\n\r\n<div style="margin: 0px; padding: 0px; font-family: ''Times New Roman''; font-size: 16px; line-height: 20px; -webkit-text-stroke-color: rgba(255, 255, 255, 0.00784314); -webkit-text-stroke-width: 0.10000000149011612px;">&nbsp;</div>\r\n\r\n<div style="margin: 0px; padding: 0px; font-family: ''Times New Roman''; font-size: 16px; line-height: 20px; -webkit-text-stroke-color: rgba(255, 255, 255, 0.00784314); -webkit-text-stroke-width: 0.10000000149011612px;">Chuyện l&agrave; h&ocirc;m 25/5 vừa rồi, c&ocirc;ng ty đổ lương h&agrave;ng loạt, k&egrave;m theo tiền 1/6 cho con em của nh&acirc;n vi&ecirc;n, mỗi ch&aacute;u được 150 ng&agrave;n đồng. Chị K. c&ugrave;ng anh em trong c&ocirc;ng ty thấy tiền mừng tăng 50 ng&agrave;n so với những năm trước th&igrave; mừng rỡ. Chị K. nhắn kế to&aacute;n mới hỏi&nbsp;<em>&quot;Năm nay sếp tho&aacute;ng hơn hả em. Ch&iacute;nh s&aacute;ch thay đổi hả?&quot;</em>&nbsp;th&igrave; nhận được c&acirc;u trả lời ố &aacute;:&nbsp;<em>&quot;Tăng từ năm ngo&aacute;i rồi m&agrave; chị ơi&quot;</em>.</div>\r\n\r\n<div style="margin: 0px; padding: 0px; font-family: ''Times New Roman''; font-size: 16px; line-height: 20px; -webkit-text-stroke-color: rgba(255, 255, 255, 0.00784314); -webkit-text-stroke-width: 0.10000000149011612px;">&nbsp;</div>\r\n\r\n<div style="margin: 0px; padding: 0px; font-family: ''Times New Roman''; font-size: 16px; line-height: 20px; -webkit-text-stroke-color: rgba(255, 255, 255, 0.00784314); -webkit-text-stroke-width: 0.10000000149011612px;">L&uacute;c đ&oacute;, chị K. c&ugrave;ng mọi người xung quanh mới giật m&igrave;nh, l&ecirc;n hỏi ph&ograve;ng nh&acirc;n sự th&igrave; đ&uacute;ng l&agrave; ch&iacute;nh s&aacute;ch 1/6 của c&ocirc;ng ty tăng từ năm ngo&aacute;i, c&oacute; k&yacute; duyệt ng&acirc;n s&aacute;ch đ&agrave;ng ho&agrave;ng. L&uacute;c đ&oacute;, mọi người mới t&aacute; hỏa, kế to&aacute;n cũ đ&atilde; nh&acirc;n cơ hội trục lợi, ăn bớt tiền của những &quot;d&acirc;n đen&quot; b&ecirc;n dưới kh&ocirc;ng nắm r&otilde; th&ocirc;ng tin.&nbsp;</div>\r\n\r\n<div style="margin: 0px; padding: 0px; font-family: ''Times New Roman''; font-size: 16px; line-height: 20px; -webkit-text-stroke-color: rgba(255, 255, 255, 0.00784314); -webkit-text-stroke-width: 0.10000000149011612px;">&nbsp;</div>\r\n\r\n<div style="margin: 0px; padding: 0px; font-family: ''Times New Roman''; font-size: 16px; line-height: 20px; -webkit-text-stroke-color: rgba(255, 255, 255, 0.00784314); -webkit-text-stroke-width: 0.10000000149011612px;">Tổng số tiền bị ăn chặn cũng chỉ v&agrave;i triệu, n&ecirc;n sếp kh&ocirc;ng muốn l&ugrave;ng sục nh&acirc;n vi&ecirc;n cũ để d&ograve; hỏi, chỉ thắt chặt quản l&yacute; với bộ phận kế to&aacute;n. C&aacute;c &quot;d&acirc;n đen&quot; trong c&ocirc;ng ty cũng chẳng thể l&agrave;m g&igrave;, chỉ biết bức x&uacute;c, chửi bới kế to&aacute;n cũ với nhau cho hả dạ.</div>\r\n\r\n<div style="margin: 0px; padding: 0px; font-family: ''Times New Roman''; font-size: 16px; line-height: 20px; -webkit-text-stroke-color: rgba(255, 255, 255, 0.00784314); -webkit-text-stroke-width: 0.10000000149011612px;">&nbsp;</div>\r\n\r\n<div style="margin: 0px; padding: 0px; font-family: ''Times New Roman''; font-size: 16px; line-height: 20px; -webkit-text-stroke-color: rgba(255, 255, 255, 0.00784314); -webkit-text-stroke-width: 0.10000000149011612px;">Chị L., nh&acirc;n vi&ecirc;n ng&acirc;n h&agrave;ng th&igrave; c&aacute;u đi&ecirc;n v&igrave; bị đồng nghiệp lừa phỉnh. Chả l&agrave; chị muốn mua qu&agrave; cho con, nhưng đ&uacute;ng dịp đối t&aacute;c đổ lương cho nh&acirc;n vi&ecirc;n, n&ecirc;n bận rộn kh&ocirc;ng c&oacute; thời gian t&igrave;m kiếm, chọn lựa.</div>\r\n\r\n<div style="margin: 0px; padding: 0px; font-family: ''Times New Roman''; font-size: 16px; line-height: 20px; -webkit-text-stroke-color: rgba(255, 255, 255, 0.00784314); -webkit-text-stroke-width: 0.10000000149011612px;">&nbsp;</div>\r\n\r\n<div style="margin: 0px; padding: 0px; font-family: ''Times New Roman''; font-size: 16px; line-height: 20px; -webkit-text-stroke-color: rgba(255, 255, 255, 0.00784314); -webkit-text-stroke-width: 0.10000000149011612px; text-align: center;"><img alt="Tết thiếu nhi và chuyện bi hài nơi công sở 2" src="http://afamily1.vcmedia.vn/k:thumb_w/600/4a4pVwK3xucccccccccccctBPajGwV/Image/2014/05/thieu-nhi-shock-c5af2/tet-thieu-nhi-va-chuyen-bi-hai-noi-cong-so.jpg" style="-webkit-appearance:none; border:none; cursor:none; margin:0px; max-width:620px; outline:none; padding:0px" title="Tết thiếu nhi và chuyện bi hài nơi công sở 2" /><br />\r\n<em>Chị K. v&agrave; đồng nghiệp b&agrave;ng ho&agrave;ng khi biết con m&igrave;nh bị ăn bớt tiền mừng 1/6 - (Ảnh minh họa)</em></div>\r\n\r\n<div style="margin: 0px; padding: 0px; font-family: ''Times New Roman''; font-size: 16px; line-height: 20px; -webkit-text-stroke-color: rgba(255, 255, 255, 0.00784314); -webkit-text-stroke-width: 0.10000000149011612px;">&nbsp;</div>\r\n\r\n<div style="margin: 0px; padding: 0px; font-family: ''Times New Roman''; font-size: 16px; line-height: 20px; -webkit-text-stroke-color: rgba(255, 255, 255, 0.00784314); -webkit-text-stroke-width: 0.10000000149011612px;">Một đồng nghiệp c&ugrave;ng chi nh&aacute;nh ng&acirc;n h&agrave;ng, nhưng kh&aacute;c ph&ograve;ng ban sang rủ r&ecirc; mọi người mua quần &aacute;o em b&eacute; ủng hộ. Thấy chất liệu tốt, kiểu d&aacute;ng cũng được, chị đồng &yacute; mua d&ugrave; gi&aacute; hơi &quot;ch&aacute;t&quot;.&nbsp;</div>\r\n\r\n<div style="margin: 0px; padding: 0px; font-family: ''Times New Roman''; font-size: 16px; line-height: 20px; -webkit-text-stroke-color: rgba(255, 255, 255, 0.00784314); -webkit-text-stroke-width: 0.10000000149011612px;">&nbsp;</div>\r\n\r\n<div style="margin: 0px; padding: 0px; font-family: ''Times New Roman''; font-size: 16px; line-height: 20px; -webkit-text-stroke-color: rgba(255, 255, 255, 0.00784314); -webkit-text-stroke-width: 0.10000000149011612px;">Mua đồ về, g&oacute;i sẵn chỉ chờ đến ng&agrave;y tặng cho con, chị ph&aacute;t hiện ra m&igrave;nh mua đắt gần gấp đ&ocirc;i với gi&aacute; tr&ecirc;n mạng m&agrave; chị t&igrave;nh cờ tr&ocirc;ng thấy. Tức tối, chị chat với đồng nghiệp kia, hỏi l&yacute; do th&igrave; được trả lời l&agrave; chất liệu kh&aacute;c hẳn, rồi một b&ecirc;n h&agrave;ng xịn, một b&ecirc;n đểu, trong khi r&otilde; r&agrave;ng chị thấy y x&igrave; đ&uacute;c chẳng kh&aacute;c g&igrave;.&nbsp;</div>\r\n\r\n<div style="margin: 0px; padding: 0px; font-family: ''Times New Roman''; font-size: 16px; line-height: 20px; -webkit-text-stroke-color: rgba(255, 255, 255, 0.00784314); -webkit-text-stroke-width: 0.10000000149011612px;">&nbsp;</div>\r\n\r\n<div style="margin: 0px; padding: 0px; font-family: ''Times New Roman''; font-size: 16px; line-height: 20px; -webkit-text-stroke-color: rgba(255, 255, 255, 0.00784314); -webkit-text-stroke-width: 0.10000000149011612px;">Vốn l&agrave; người k&iacute;n kẽ, lại l&agrave;nh t&iacute;nh, chị L. cũng đ&agrave;nh n&iacute;n nhịn.<em>&nbsp;&quot;Chẳng lẽ lại v&igrave; v&agrave;i trăm ng&agrave;n m&agrave; ầm ĩ l&ecirc;n, lại mang tiếng ra&quot;</em>&nbsp;- chị thở d&agrave;i n&oacute;i.</div>\r\n\r\n<div style="margin: 0px; padding: 0px; font-family: ''Times New Roman''; font-size: 16px; line-height: 20px; -webkit-text-stroke-color: rgba(255, 255, 255, 0.00784314); -webkit-text-stroke-width: 0.10000000149011612px;">&nbsp;</div>\r\n\r\n<div style="margin: 0px; padding: 0px; font-family: ''Times New Roman''; font-size: 16px; line-height: 20px; -webkit-text-stroke-color: rgba(255, 255, 255, 0.00784314); -webkit-text-stroke-width: 0.10000000149011612px;"><strong>Những m&oacute;n qu&agrave; kỳ dị</strong></div>\r\n\r\n<div style="margin: 0px; padding: 0px; font-family: ''Times New Roman''; font-size: 16px; line-height: 20px; -webkit-text-stroke-color: rgba(255, 255, 255, 0.00784314); -webkit-text-stroke-width: 0.10000000149011612px;">&nbsp;</div>\r\n\r\n<div style="margin: 0px; padding: 0px; font-family: ''Times New Roman''; font-size: 16px; line-height: 20px; -webkit-text-stroke-color: rgba(255, 255, 255, 0.00784314); -webkit-text-stroke-width: 0.10000000149011612px;">1/6 năm nay, chị P. c&ugrave;ng đồng nghiệp m&eacute;o mặt v&igrave; m&oacute;n qu&agrave; của c&ocirc;ng ty d&agrave;nh cho con em. Bởi thiếu ng&acirc;n s&aacute;ch, ế h&agrave;ng, c&ocirc;ng ty lại quyết định tặng vật phẩm cho nh&acirc;n vi&ecirc;n. Mặt h&agrave;ng được tặng l&agrave; một lố d&eacute;p nhựa đi trong nh&agrave;, k&iacute;ch cỡ to đ&ugrave;ng của người lớn, b&eacute; nh&agrave; chị chẳng bao giờ d&ugrave;ng đến.</div>\r\n\r\n<div style="margin: 0px; padding: 0px; font-family: ''Times New Roman''; font-size: 16px; line-height: 20px; -webkit-text-stroke-color: rgba(255, 255, 255, 0.00784314); -webkit-text-stroke-width: 0.10000000149011612px;">&nbsp;</div>\r\n\r\n<div style="margin: 0px; padding: 0px; font-family: ''Times New Roman''; font-size: 16px; line-height: 20px; -webkit-text-stroke-color: rgba(255, 255, 255, 0.00784314); -webkit-text-stroke-width: 0.10000000149011612px; text-align: center;"><img alt="Tết thiếu nhi và chuyện bi hài nơi công sở 3" src="http://afamily1.vcmedia.vn/k:thumb_w/600/4a4pVwK3xucccccccccccctBPajGwV/Image/2014/05/thieu-nhi-buon-c5af2/tet-thieu-nhi-va-chuyen-bi-hai-noi-cong-so.jpg" style="-webkit-appearance:none; border:none; margin:0px; max-width:620px; outline:none; padding:0px" title="Tết thiếu nhi và chuyện bi hài nơi công sở 3" /><br />\r\n<em>Chị P. ng&aacute;n ngẩm v&igrave; m&oacute;n qu&agrave; của c&ocirc;ng ty cho con m&igrave;nh - (Ảnh minh họa)</em></div>\r\n\r\n<div style="margin: 0px; padding: 0px; font-family: ''Times New Roman''; font-size: 16px; line-height: 20px; -webkit-text-stroke-color: rgba(255, 255, 255, 0.00784314); -webkit-text-stroke-width: 0.10000000149011612px;">&nbsp;</div>\r\n\r\n<div style="margin: 0px; padding: 0px; font-family: ''Times New Roman''; font-size: 16px; line-height: 20px; -webkit-text-stroke-color: rgba(255, 255, 255, 0.00784314); -webkit-text-stroke-width: 0.10000000149011612px;">X&eacute;t về gi&aacute; trị m&oacute;n qu&agrave;, c&ocirc;ng ty chị H. kh&ocirc;ng chi đậm bằng, nhưng x&eacute;t về gi&aacute; trị tinh thần, c&oacute; vẻ m&oacute;n qu&agrave; hợp với c&aacute;c em nhỏ hơn: con trai mỗi b&eacute; một quả b&oacute;ng nhựa, con g&aacute;i mỗi b&eacute; một bộ v&ograve;ng m&agrave;u sắc cũng bằng nhựa nốt. Nghe tin c&ocirc;ng ty c&oacute; qu&agrave; cho c&aacute;c b&eacute;, ai ai cũng hớn hở, nhưng khi nhận qu&agrave; tr&ecirc;n tay, mọi người lại buồn hiu v&igrave; gi&aacute; trị vật chất kh&ocirc;ng được như mong đợi.</div>\r\n\r\n<div style="margin: 0px; padding: 0px; font-family: ''Times New Roman''; font-size: 16px; line-height: 20px; -webkit-text-stroke-color: rgba(255, 255, 255, 0.00784314); -webkit-text-stroke-width: 0.10000000149011612px;">&nbsp;</div>\r\n\r\n<div style="margin: 0px; padding: 0px; font-family: ''Times New Roman''; font-size: 16px; line-height: 20px; -webkit-text-stroke-color: rgba(255, 255, 255, 0.00784314); -webkit-text-stroke-width: 0.10000000149011612px;">Kinh khủng nhất c&oacute; lẽ l&agrave; m&oacute;n qu&agrave; của cơ quan chị P. d&agrave;nh cho c&aacute;c b&eacute;. Chị l&agrave;m ở xưởng may. Đợt vừa rồi, một kh&aacute;ch h&agrave;ng ph&aacute; hợp đồng, bỏ trốn, khiến xưởng của chị bị dư l&ocirc; h&agrave;ng &aacute;o may &ocirc;, quần đ&ugrave;i. Gần đến 1/6, sếp chị n&oacute;i kh&oacute; với nh&acirc;n vi&ecirc;n:&nbsp;<em>&quot;C&aacute;c em th&ocirc;ng cảm, mang về tạm gi&uacute;p anh. Con kh&ocirc;ng d&ugrave;ng được, bố d&ugrave;ng thay con, coi như cũng tiết kiệm được một khoản mua đồ cho bố. C&ocirc;ng ty đang đợt kh&oacute; khăn, anh cũng bất đắc dĩ...&quot;</em></div>\r\n', 3, 1, 12, '2014-05-27 14:32:39'),
(33, 'Kiến thức bể cá 9', '-1-TakeMyHandbyih8m0r0nz.png', '<p>k co j</p>\r\n', 3, 0, 13, '2014-05-27 14:34:04'),
(34, '7', '126-small-a33-1.jpg', '<p>a</p>\r\n', 1, 0, 5, '2014-05-28 09:39:12'),
(35, 'FTU', '-1-011007212921rosevase-640-5465.jpg', '<p>adsdsad</p>\r\n', 2, 0, 4, '2014-05-28 10:35:47'),
(36, '9', '105-small-a12-2.jpg', '<p>a</p>\r\n', 1, 0, 2, '2014-05-28 10:42:04'),
(37, 'Khi người lớn lợi dụng Tết thiếu nhi để vụ lợi', '100-small-a07.jpg', '<p><strong><img alt="" src="/app/webroot/upload/images/%281%290303060853341new_132.jpg" style="height:267px; width:375px" />Khi người lớn lợi dụng Tết thiếu nhi để vụ lợi</strong></p>\r\n\r\n<div style="margin: 0px; padding: 0px; font-family: ''Times New Roman''; font-size: 16px; line-height: 20px; -webkit-text-stroke-color: rgba(255, 255, 255, 0.00784314); -webkit-text-stroke-width: 0.10000000149011612px;">&nbsp;</div>\r\n\r\n<div style="margin: 0px; padding: 0px; font-family: ''Times New Roman''; font-size: 16px; line-height: 20px; -webkit-text-stroke-color: rgba(255, 255, 255, 0.00784314); -webkit-text-stroke-width: 0.10000000149011612px;">1/6 c&ograve;n chưa đến, nhưng tr&ecirc;n facebook đ&atilde; rầm rộ những lời b&agrave;n t&aacute;n về Tết thiếu nhi. Trong khi mu&ocirc;n v&agrave;n người lưỡng lự kh&ocirc;ng biết n&ecirc;n mua thứ g&igrave; cho con, hoặc hồi tưởng về tuổi thơ, th&igrave; c&oacute; kh&aacute; nhiều d&acirc;n c&ocirc;ng sở ph&agrave;n n&agrave;n về chuyện qu&agrave; c&aacute;p của c&ocirc;ng ty d&agrave;nh cho c&aacute;c b&eacute;.</div>\r\n\r\n<div style="margin: 0px; padding: 0px; font-family: ''Times New Roman''; font-size: 16px; line-height: 20px; -webkit-text-stroke-color: rgba(255, 255, 255, 0.00784314); -webkit-text-stroke-width: 0.10000000149011612px;">&nbsp;</div>\r\n\r\n<div style="margin: 0px; padding: 0px; font-family: ''Times New Roman''; font-size: 16px; line-height: 20px; -webkit-text-stroke-color: rgba(255, 255, 255, 0.00784314); -webkit-text-stroke-width: 0.10000000149011612px;">Chị K., nh&acirc;n vi&ecirc;n kinh doanh bức x&uacute;c viết một note d&agrave;i tỏ vẻ bức x&uacute;c tr&ecirc;n facebook c&aacute; nh&acirc;n. Hỏi ra mới biết, chị ph&aacute;t hiện ra kế to&aacute;n của c&ocirc;ng ty ăn chặn tiền 1/6 của con em c&aacute;n bộ c&ocirc;ng nh&acirc;n vi&ecirc;n bao l&acirc;u nay.</div>\r\n\r\n<div style="margin: 0px; padding: 0px; font-family: ''Times New Roman''; font-size: 16px; line-height: 20px; -webkit-text-stroke-color: rgba(255, 255, 255, 0.00784314); -webkit-text-stroke-width: 0.10000000149011612px;">&nbsp;</div>\r\n\r\n<div style="margin: 0px; padding: 0px; font-family: ''Times New Roman''; font-size: 16px; line-height: 20px; -webkit-text-stroke-color: rgba(255, 255, 255, 0.00784314); -webkit-text-stroke-width: 0.10000000149011612px; text-align: center;"><em><img alt="Tết thiếu nhi và chuyện bi hài nơi công sở 1" src="http://afamily1.vcmedia.vn/k:thumb_w/600/4a4pVwK3xucccccccccccctBPajGwV/Image/2014/05/thieu-nhi-ava-c5af2/tet-thieu-nhi-va-chuyen-bi-hai-noi-cong-so.jpg" style="-webkit-appearance:none; border:none; cursor:none; margin:0px; max-width:620px; outline:none; padding:0px" title="Tết thiếu nhi và chuyện bi hài nơi công sở 1" /><br />\r\nTết thiếu nhi v&agrave; chốn c&ocirc;ng sở tưởng chừng chẳng li&ecirc;n quan đến nhau, nhưng thực tế, c&oacute; rất nhiều chuyện bi h&agrave;i ở c&ocirc;ng sở c&oacute; li&ecirc;n quan tới ng&agrave;y 1/6 - (Ảnh minh họa)</em></div>\r\n\r\n<div style="margin: 0px; padding: 0px; font-family: ''Times New Roman''; font-size: 16px; line-height: 20px; -webkit-text-stroke-color: rgba(255, 255, 255, 0.00784314); -webkit-text-stroke-width: 0.10000000149011612px;">&nbsp;</div>\r\n\r\n<p>&nbsp;</p>\r\n\r\n<div style="margin: 0px; padding: 0px; font-family: ''Times New Roman''; font-size: 16px; line-height: 20px; -webkit-text-stroke-color: rgba(255, 255, 255, 0.00784314); -webkit-text-stroke-width: 0.10000000149011612px;">Chuyện l&agrave; h&ocirc;m 25/5 vừa rồi, c&ocirc;ng ty đổ lương h&agrave;ng loạt, k&egrave;m theo tiền 1/6 cho con em của nh&acirc;n vi&ecirc;n, mỗi ch&aacute;u được 150 ng&agrave;n đồng. Chị K. c&ugrave;ng anh em trong c&ocirc;ng ty thấy tiền mừng tăng 50 ng&agrave;n so với những năm trước th&igrave; mừng rỡ. Chị K. nhắn kế to&aacute;n mới hỏi&nbsp;<em>&quot;Năm nay sếp tho&aacute;ng hơn hả em. Ch&iacute;nh s&aacute;ch thay đổi hả?&quot;</em>&nbsp;th&igrave; nhận được c&acirc;u trả lời ố &aacute;:&nbsp;<em>&quot;Tăng từ năm ngo&aacute;i rồi m&agrave; chị ơi&quot;</em>.</div>\r\n\r\n<div style="margin: 0px; padding: 0px; font-family: ''Times New Roman''; font-size: 16px; line-height: 20px; -webkit-text-stroke-color: rgba(255, 255, 255, 0.00784314); -webkit-text-stroke-width: 0.10000000149011612px;">&nbsp;</div>\r\n\r\n<div style="margin: 0px; padding: 0px; font-family: ''Times New Roman''; font-size: 16px; line-height: 20px; -webkit-text-stroke-color: rgba(255, 255, 255, 0.00784314); -webkit-text-stroke-width: 0.10000000149011612px;">L&uacute;c đ&oacute;, chị K. c&ugrave;ng mọi người xung quanh mới giật m&igrave;nh, l&ecirc;n hỏi ph&ograve;ng nh&acirc;n sự th&igrave; đ&uacute;ng l&agrave; ch&iacute;nh s&aacute;ch 1/6 của c&ocirc;ng ty tăng từ năm ngo&aacute;i, c&oacute; k&yacute; duyệt ng&acirc;n s&aacute;ch đ&agrave;ng ho&agrave;ng. L&uacute;c đ&oacute;, mọi người mới t&aacute; hỏa, kế to&aacute;n cũ đ&atilde; nh&acirc;n cơ hội trục lợi, ăn bớt tiền của những &quot;d&acirc;n đen&quot; b&ecirc;n dưới kh&ocirc;ng nắm r&otilde; th&ocirc;ng tin.&nbsp;</div>\r\n\r\n<div style="margin: 0px; padding: 0px; font-family: ''Times New Roman''; font-size: 16px; line-height: 20px; -webkit-text-stroke-color: rgba(255, 255, 255, 0.00784314); -webkit-text-stroke-width: 0.10000000149011612px;">&nbsp;</div>\r\n\r\n<div style="margin: 0px; padding: 0px; font-family: ''Times New Roman''; font-size: 16px; line-height: 20px; -webkit-text-stroke-color: rgba(255, 255, 255, 0.00784314); -webkit-text-stroke-width: 0.10000000149011612px;">Tổng số tiền bị ăn chặn cũng chỉ v&agrave;i triệu, n&ecirc;n sếp kh&ocirc;ng muốn l&ugrave;ng sục nh&acirc;n vi&ecirc;n cũ để d&ograve; hỏi, chỉ thắt chặt quản l&yacute; với bộ phận kế to&aacute;n. C&aacute;c &quot;d&acirc;n đen&quot; trong c&ocirc;ng ty cũng chẳng thể l&agrave;m g&igrave;, chỉ biết bức x&uacute;c, chửi bới kế to&aacute;n cũ với nhau cho hả dạ.</div>\r\n\r\n<div style="margin: 0px; padding: 0px; font-family: ''Times New Roman''; font-size: 16px; line-height: 20px; -webkit-text-stroke-color: rgba(255, 255, 255, 0.00784314); -webkit-text-stroke-width: 0.10000000149011612px;">&nbsp;</div>\r\n\r\n<div style="margin: 0px; padding: 0px; font-family: ''Times New Roman''; font-size: 16px; line-height: 20px; -webkit-text-stroke-color: rgba(255, 255, 255, 0.00784314); -webkit-text-stroke-width: 0.10000000149011612px;">Chị L., nh&acirc;n vi&ecirc;n ng&acirc;n h&agrave;ng th&igrave; c&aacute;u đi&ecirc;n v&igrave; bị đồng nghiệp lừa phỉnh. Chả l&agrave; chị muốn mua qu&agrave; cho con, nhưng đ&uacute;ng dịp đối t&aacute;c đổ lương cho nh&acirc;n vi&ecirc;n, n&ecirc;n bận rộn kh&ocirc;ng c&oacute; thời gian t&igrave;m kiếm, chọn lựa.</div>\r\n\r\n<div style="margin: 0px; padding: 0px; font-family: ''Times New Roman''; font-size: 16px; line-height: 20px; -webkit-text-stroke-color: rgba(255, 255, 255, 0.00784314); -webkit-text-stroke-width: 0.10000000149011612px;">&nbsp;</div>\r\n\r\n<div style="margin: 0px; padding: 0px; font-family: ''Times New Roman''; font-size: 16px; line-height: 20px; -webkit-text-stroke-color: rgba(255, 255, 255, 0.00784314); -webkit-text-stroke-width: 0.10000000149011612px; text-align: center;"><img alt="Tết thiếu nhi và chuyện bi hài nơi công sở 2" src="http://afamily1.vcmedia.vn/k:thumb_w/600/4a4pVwK3xucccccccccccctBPajGwV/Image/2014/05/thieu-nhi-shock-c5af2/tet-thieu-nhi-va-chuyen-bi-hai-noi-cong-so.jpg" style="-webkit-appearance:none; border:none; cursor:none; margin:0px; max-width:620px; outline:none; padding:0px" title="Tết thiếu nhi và chuyện bi hài nơi công sở 2" /><br />\r\n<em>Chị K. v&agrave; đồng nghiệp b&agrave;ng ho&agrave;ng khi biết con m&igrave;nh bị ăn bớt tiền mừng 1/6 - (Ảnh minh họa)</em></div>\r\n\r\n<div style="margin: 0px; padding: 0px; font-family: ''Times New Roman''; font-size: 16px; line-height: 20px; -webkit-text-stroke-color: rgba(255, 255, 255, 0.00784314); -webkit-text-stroke-width: 0.10000000149011612px;">&nbsp;</div>\r\n\r\n<div style="margin: 0px; padding: 0px; font-family: ''Times New Roman''; font-size: 16px; line-height: 20px; -webkit-text-stroke-color: rgba(255, 255, 255, 0.00784314); -webkit-text-stroke-width: 0.10000000149011612px;">Một đồng nghiệp c&ugrave;ng chi nh&aacute;nh ng&acirc;n h&agrave;ng, nhưng kh&aacute;c ph&ograve;ng ban sang rủ r&ecirc; mọi người mua quần &aacute;o em b&eacute; ủng hộ. Thấy chất liệu tốt, kiểu d&aacute;ng cũng được, chị đồng &yacute; mua d&ugrave; gi&aacute; hơi &quot;ch&aacute;t&quot;.&nbsp;</div>\r\n\r\n<div style="margin: 0px; padding: 0px; font-family: ''Times New Roman''; font-size: 16px; line-height: 20px; -webkit-text-stroke-color: rgba(255, 255, 255, 0.00784314); -webkit-text-stroke-width: 0.10000000149011612px;">&nbsp;</div>\r\n\r\n<div style="margin: 0px; padding: 0px; font-family: ''Times New Roman''; font-size: 16px; line-height: 20px; -webkit-text-stroke-color: rgba(255, 255, 255, 0.00784314); -webkit-text-stroke-width: 0.10000000149011612px;">Mua đồ về, g&oacute;i sẵn chỉ chờ đến ng&agrave;y tặng cho con, chị ph&aacute;t hiện ra m&igrave;nh mua đắt gần gấp đ&ocirc;i với gi&aacute; tr&ecirc;n mạng m&agrave; chị t&igrave;nh cờ tr&ocirc;ng thấy. Tức tối, chị chat với đồng nghiệp kia, hỏi l&yacute; do th&igrave; được trả lời l&agrave; chất liệu kh&aacute;c hẳn, rồi một b&ecirc;n h&agrave;ng xịn, một b&ecirc;n đểu, trong khi r&otilde; r&agrave;ng chị thấy y x&igrave; đ&uacute;c chẳng kh&aacute;c g&igrave;.&nbsp;</div>\r\n\r\n<div style="margin: 0px; padding: 0px; font-family: ''Times New Roman''; font-size: 16px; line-height: 20px; -webkit-text-stroke-color: rgba(255, 255, 255, 0.00784314); -webkit-text-stroke-width: 0.10000000149011612px;">&nbsp;</div>\r\n\r\n<div style="margin: 0px; padding: 0px; font-family: ''Times New Roman''; font-size: 16px; line-height: 20px; -webkit-text-stroke-color: rgba(255, 255, 255, 0.00784314); -webkit-text-stroke-width: 0.10000000149011612px;">Vốn l&agrave; người k&iacute;n kẽ, lại l&agrave;nh t&iacute;nh, chị L. cũng đ&agrave;nh n&iacute;n nhịn.<em>&nbsp;&quot;Chẳng lẽ lại v&igrave; v&agrave;i trăm ng&agrave;n m&agrave; ầm ĩ l&ecirc;n, lại mang tiếng ra&quot;</em>&nbsp;- chị thở d&agrave;i n&oacute;i.</div>\r\n\r\n<div style="margin: 0px; padding: 0px; font-family: ''Times New Roman''; font-size: 16px; line-height: 20px; -webkit-text-stroke-color: rgba(255, 255, 255, 0.00784314); -webkit-text-stroke-width: 0.10000000149011612px;">&nbsp;</div>\r\n\r\n<div style="margin: 0px; padding: 0px; font-family: ''Times New Roman''; font-size: 16px; line-height: 20px; -webkit-text-stroke-color: rgba(255, 255, 255, 0.00784314); -webkit-text-stroke-width: 0.10000000149011612px;"><strong>Những m&oacute;n qu&agrave; kỳ dị</strong></div>\r\n\r\n<div style="margin: 0px; padding: 0px; font-family: ''Times New Roman''; font-size: 16px; line-height: 20px; -webkit-text-stroke-color: rgba(255, 255, 255, 0.00784314); -webkit-text-stroke-width: 0.10000000149011612px;">&nbsp;</div>\r\n\r\n<div style="margin: 0px; padding: 0px; font-family: ''Times New Roman''; font-size: 16px; line-height: 20px; -webkit-text-stroke-color: rgba(255, 255, 255, 0.00784314); -webkit-text-stroke-width: 0.10000000149011612px;">1/6 năm nay, chị P. c&ugrave;ng đồng nghiệp m&eacute;o mặt v&igrave; m&oacute;n qu&agrave; của c&ocirc;ng ty d&agrave;nh cho con em. Bởi thiếu ng&acirc;n s&aacute;ch, ế h&agrave;ng, c&ocirc;ng ty lại quyết định tặng vật phẩm cho nh&acirc;n vi&ecirc;n. Mặt h&agrave;ng được tặng l&agrave; một lố d&eacute;p nhựa đi trong nh&agrave;, k&iacute;ch cỡ to đ&ugrave;ng của người lớn, b&eacute; nh&agrave; chị chẳng bao giờ d&ugrave;ng đến.</div>\r\n\r\n<div style="margin: 0px; padding: 0px; font-family: ''Times New Roman''; font-size: 16px; line-height: 20px; -webkit-text-stroke-color: rgba(255, 255, 255, 0.00784314); -webkit-text-stroke-width: 0.10000000149011612px;">&nbsp;</div>\r\n\r\n<p>&nbsp;</p>\r\n\r\n<div style="margin: 0px; padding: 0px; font-family: ''Times New Roman''; font-size: 16px; line-height: 20px; -webkit-text-stroke-color: rgba(255, 255, 255, 0.00784314); -webkit-text-stroke-width: 0.10000000149011612px; text-align: center;"><img alt="Tết thiếu nhi và chuyện bi hài nơi công sở 3" src="http://afamily1.vcmedia.vn/k:thumb_w/600/4a4pVwK3xucccccccccccctBPajGwV/Image/2014/05/thieu-nhi-buon-c5af2/tet-thieu-nhi-va-chuyen-bi-hai-noi-cong-so.jpg" style="-webkit-appearance:none; border:none; margin:0px; max-width:620px; outline:none; padding:0px" title="Tết thiếu nhi và chuyện bi hài nơi công sở 3" /><br />\r\n<em>Chị P. ng&aacute;n ngẩm v&igrave; m&oacute;n qu&agrave; của c&ocirc;ng ty cho con m&igrave;nh - (Ảnh minh họa)</em></div>\r\n\r\n<div style="margin: 0px; padding: 0px; font-family: ''Times New Roman''; font-size: 16px; line-height: 20px; -webkit-text-stroke-color: rgba(255, 255, 255, 0.00784314); -webkit-text-stroke-width: 0.10000000149011612px;">&nbsp;</div>\r\n\r\n<div style="margin: 0px; padding: 0px; font-family: ''Times New Roman''; font-size: 16px; line-height: 20px; -webkit-text-stroke-color: rgba(255, 255, 255, 0.00784314); -webkit-text-stroke-width: 0.10000000149011612px;">X&eacute;t về gi&aacute; trị m&oacute;n qu&agrave;, c&ocirc;ng ty chị H. kh&ocirc;ng chi đậm bằng, nhưng x&eacute;t về gi&aacute; trị tinh thần, c&oacute; vẻ m&oacute;n qu&agrave; hợp với c&aacute;c em nhỏ hơn: con trai mỗi b&eacute; một quả b&oacute;ng nhựa, con g&aacute;i mỗi b&eacute; một bộ v&ograve;ng m&agrave;u sắc cũng bằng nhựa nốt. Nghe tin c&ocirc;ng ty c&oacute; qu&agrave; cho c&aacute;c b&eacute;, ai ai cũng hớn hở, nhưng khi nhận qu&agrave; tr&ecirc;n tay, mọi người lại buồn hiu v&igrave; gi&aacute; trị vật chất kh&ocirc;ng được như mong đợi.</div>\r\n\r\n<div style="margin: 0px; padding: 0px; font-family: ''Times New Roman''; font-size: 16px; line-height: 20px; -webkit-text-stroke-color: rgba(255, 255, 255, 0.00784314); -webkit-text-stroke-width: 0.10000000149011612px;">&nbsp;</div>\r\n\r\n<div style="margin: 0px; padding: 0px; font-family: ''Times New Roman''; font-size: 16px; line-height: 20px; -webkit-text-stroke-color: rgba(255, 255, 255, 0.00784314); -webkit-text-stroke-width: 0.10000000149011612px;">Kinh khủng nhất c&oacute; lẽ l&agrave; m&oacute;n qu&agrave; của cơ quan chị P. d&agrave;nh cho c&aacute;c b&eacute;. Chị l&agrave;m ở xưởng may. Đợt vừa rồi, một kh&aacute;ch h&agrave;ng ph&aacute; hợp đồng, bỏ trốn, khiến xưởng của chị bị dư l&ocirc; h&agrave;ng &aacute;o may &ocirc;, quần đ&ugrave;i. Gần đến 1/6, sếp chị n&oacute;i kh&oacute; với nh&acirc;n vi&ecirc;n:&nbsp;<em>&quot;C&aacute;c em th&ocirc;ng cảm, mang về tạm gi&uacute;p anh. Con kh&ocirc;ng d&ugrave;ng được, bố d&ugrave;ng thay con, coi như cũng tiết kiệm được một khoản mua đồ cho bố. C&ocirc;ng ty đang đợt kh&oacute; khăn, anh cũng bất đắc dĩ...&quot;</em></div>\r\n\r\n<p>&nbsp;</p>\r\n', 1, 0, 1, '2014-05-28 11:12:40'),
(38, 'Giới thiệu 7', '-1-0303142313361pepper_photosig2.jpg', '<p><strong><img alt="" src="/app/webroot/upload/images/%281%290503170132051cheers.jpg" style="height:480px; width:484px" /></strong></p>\r\n\r\n<p><strong>Khi người lớn lợi dụng Tết thiếu nhi để vụ lợi</strong></p>\r\n\r\n<div style="margin: 0px; padding: 0px; font-family: ''Times New Roman''; font-size: 16px; line-height: 20px; -webkit-text-stroke-color: rgba(255, 255, 255, 0.00784314); -webkit-text-stroke-width: 0.10000000149011612px;">&nbsp;</div>\r\n\r\n<div style="margin: 0px; padding: 0px; font-family: ''Times New Roman''; font-size: 16px; line-height: 20px; -webkit-text-stroke-color: rgba(255, 255, 255, 0.00784314); -webkit-text-stroke-width: 0.10000000149011612px;">1/6 c&ograve;n chưa đến, nhưng tr&ecirc;n facebook đ&atilde; rầm rộ những lời b&agrave;n t&aacute;n về Tết thiếu nhi. Trong khi mu&ocirc;n v&agrave;n người lưỡng lự kh&ocirc;ng biết n&ecirc;n mua thứ g&igrave; cho con, hoặc hồi tưởng về tuổi thơ, th&igrave; c&oacute; kh&aacute; nhiều d&acirc;n c&ocirc;ng sở ph&agrave;n n&agrave;n về chuyện qu&agrave; c&aacute;p của c&ocirc;ng ty d&agrave;nh cho c&aacute;c b&eacute;.</div>\r\n\r\n<div style="margin: 0px; padding: 0px; font-family: ''Times New Roman''; font-size: 16px; line-height: 20px; -webkit-text-stroke-color: rgba(255, 255, 255, 0.00784314); -webkit-text-stroke-width: 0.10000000149011612px;">&nbsp;</div>\r\n\r\n<div style="margin: 0px; padding: 0px; font-family: ''Times New Roman''; font-size: 16px; line-height: 20px; -webkit-text-stroke-color: rgba(255, 255, 255, 0.00784314); -webkit-text-stroke-width: 0.10000000149011612px;">Chị K., nh&acirc;n vi&ecirc;n kinh doanh bức x&uacute;c viết một note d&agrave;i tỏ vẻ bức x&uacute;c tr&ecirc;n facebook c&aacute; nh&acirc;n. Hỏi ra mới biết, chị ph&aacute;t hiện ra kế to&aacute;n của c&ocirc;ng ty ăn chặn tiền 1/6 của con em c&aacute;n bộ c&ocirc;ng nh&acirc;n vi&ecirc;n bao l&acirc;u nay.</div>\r\n\r\n<div style="margin: 0px; padding: 0px; font-family: ''Times New Roman''; font-size: 16px; line-height: 20px; -webkit-text-stroke-color: rgba(255, 255, 255, 0.00784314); -webkit-text-stroke-width: 0.10000000149011612px;">&nbsp;</div>\r\n\r\n<div style="margin: 0px; padding: 0px; font-family: ''Times New Roman''; font-size: 16px; line-height: 20px; -webkit-text-stroke-color: rgba(255, 255, 255, 0.00784314); -webkit-text-stroke-width: 0.10000000149011612px; text-align: center;"><em><img alt="Tết thiếu nhi và chuyện bi hài nơi công sở 1" src="http://afamily1.vcmedia.vn/k:thumb_w/600/4a4pVwK3xucccccccccccctBPajGwV/Image/2014/05/thieu-nhi-ava-c5af2/tet-thieu-nhi-va-chuyen-bi-hai-noi-cong-so.jpg" style="-webkit-appearance:none; border:none; cursor:none; margin:0px; max-width:620px; outline:none; padding:0px" title="Tết thiếu nhi và chuyện bi hài nơi công sở 1" /><br />\r\nTết thiếu nhi v&agrave; chốn c&ocirc;ng sở tưởng chừng chẳng li&ecirc;n quan đến nhau, nhưng thực tế, c&oacute; rất nhiều chuyện bi h&agrave;i ở c&ocirc;ng sở c&oacute; li&ecirc;n quan tới ng&agrave;y 1/6 - (Ảnh minh họa)</em></div>\r\n\r\n<div style="margin: 0px; padding: 0px; font-family: ''Times New Roman''; font-size: 16px; line-height: 20px; -webkit-text-stroke-color: rgba(255, 255, 255, 0.00784314); -webkit-text-stroke-width: 0.10000000149011612px;">&nbsp;</div>\r\n\r\n<div style="margin: 0px; padding: 0px; font-family: ''Times New Roman''; font-size: 16px; line-height: 20px; -webkit-text-stroke-color: rgba(255, 255, 255, 0.00784314); -webkit-text-stroke-width: 0.10000000149011612px;">Chuyện l&agrave; h&ocirc;m 25/5 vừa rồi, c&ocirc;ng ty đổ lương h&agrave;ng loạt, k&egrave;m theo tiền 1/6 cho con em của nh&acirc;n vi&ecirc;n, mỗi ch&aacute;u được 150 ng&agrave;n đồng. Chị K. c&ugrave;ng anh em trong c&ocirc;ng ty thấy tiền mừng tăng 50 ng&agrave;n so với những năm trước th&igrave; mừng rỡ. Chị K. nhắn kế to&aacute;n mới hỏi&nbsp;<em>&quot;Năm nay sếp tho&aacute;ng hơn hả em. Ch&iacute;nh s&aacute;ch thay đổi hả?&quot;</em>&nbsp;th&igrave; nhận được c&acirc;u trả lời ố &aacute;:&nbsp;<em>&quot;Tăng từ năm ngo&aacute;i rồi m&agrave; chị ơi&quot;</em>.</div>\r\n\r\n<div style="margin: 0px; padding: 0px; font-family: ''Times New Roman''; font-size: 16px; line-height: 20px; -webkit-text-stroke-color: rgba(255, 255, 255, 0.00784314); -webkit-text-stroke-width: 0.10000000149011612px;">&nbsp;</div>\r\n\r\n<div style="margin: 0px; padding: 0px; font-family: ''Times New Roman''; font-size: 16px; line-height: 20px; -webkit-text-stroke-color: rgba(255, 255, 255, 0.00784314); -webkit-text-stroke-width: 0.10000000149011612px;">L&uacute;c đ&oacute;, chị K. c&ugrave;ng mọi người xung quanh mới giật m&igrave;nh, l&ecirc;n hỏi ph&ograve;ng nh&acirc;n sự th&igrave; đ&uacute;ng l&agrave; ch&iacute;nh s&aacute;ch 1/6 của c&ocirc;ng ty tăng từ năm ngo&aacute;i, c&oacute; k&yacute; duyệt ng&acirc;n s&aacute;ch đ&agrave;ng ho&agrave;ng. L&uacute;c đ&oacute;, mọi người mới t&aacute; hỏa, kế to&aacute;n cũ đ&atilde; nh&acirc;n cơ hội trục lợi, ăn bớt tiền của những &quot;d&acirc;n đen&quot; b&ecirc;n dưới kh&ocirc;ng nắm r&otilde; th&ocirc;ng tin.&nbsp;</div>\r\n\r\n<div style="margin: 0px; padding: 0px; font-family: ''Times New Roman''; font-size: 16px; line-height: 20px; -webkit-text-stroke-color: rgba(255, 255, 255, 0.00784314); -webkit-text-stroke-width: 0.10000000149011612px;">&nbsp;</div>\r\n\r\n<div style="margin: 0px; padding: 0px; font-family: ''Times New Roman''; font-size: 16px; line-height: 20px; -webkit-text-stroke-color: rgba(255, 255, 255, 0.00784314); -webkit-text-stroke-width: 0.10000000149011612px;">Tổng số tiền bị ăn chặn cũng chỉ v&agrave;i triệu, n&ecirc;n sếp kh&ocirc;ng muốn l&ugrave;ng sục nh&acirc;n vi&ecirc;n cũ để d&ograve; hỏi, chỉ thắt chặt quản l&yacute; với bộ phận kế to&aacute;n. C&aacute;c &quot;d&acirc;n đen&quot; trong c&ocirc;ng ty cũng chẳng thể l&agrave;m g&igrave;, chỉ biết bức x&uacute;c, chửi bới kế to&aacute;n cũ với nhau cho hả dạ.</div>\r\n\r\n<div style="margin: 0px; padding: 0px; font-family: ''Times New Roman''; font-size: 16px; line-height: 20px; -webkit-text-stroke-color: rgba(255, 255, 255, 0.00784314); -webkit-text-stroke-width: 0.10000000149011612px;">&nbsp;</div>\r\n\r\n<div style="margin: 0px; padding: 0px; font-family: ''Times New Roman''; font-size: 16px; line-height: 20px; -webkit-text-stroke-color: rgba(255, 255, 255, 0.00784314); -webkit-text-stroke-width: 0.10000000149011612px;">Chị L., nh&acirc;n vi&ecirc;n ng&acirc;n h&agrave;ng th&igrave; c&aacute;u đi&ecirc;n v&igrave; bị đồng nghiệp lừa phỉnh. Chả l&agrave; chị muốn mua qu&agrave; cho con, nhưng đ&uacute;ng dịp đối t&aacute;c đổ lương cho nh&acirc;n vi&ecirc;n, n&ecirc;n bận rộn kh&ocirc;ng c&oacute; thời gian t&igrave;m kiếm, chọn lựa.</div>\r\n\r\n<div style="margin: 0px; padding: 0px; font-family: ''Times New Roman''; font-size: 16px; line-height: 20px; -webkit-text-stroke-color: rgba(255, 255, 255, 0.00784314); -webkit-text-stroke-width: 0.10000000149011612px;">&nbsp;</div>\r\n\r\n<div style="margin: 0px; padding: 0px; font-family: ''Times New Roman''; font-size: 16px; line-height: 20px; -webkit-text-stroke-color: rgba(255, 255, 255, 0.00784314); -webkit-text-stroke-width: 0.10000000149011612px; text-align: center;"><img alt="Tết thiếu nhi và chuyện bi hài nơi công sở 2" src="http://afamily1.vcmedia.vn/k:thumb_w/600/4a4pVwK3xucccccccccccctBPajGwV/Image/2014/05/thieu-nhi-shock-c5af2/tet-thieu-nhi-va-chuyen-bi-hai-noi-cong-so.jpg" style="-webkit-appearance:none; border:none; cursor:none; margin:0px; max-width:620px; outline:none; padding:0px" title="Tết thiếu nhi và chuyện bi hài nơi công sở 2" /><br />\r\n<em>Chị K. v&agrave; đồng nghiệp b&agrave;ng ho&agrave;ng khi biết con m&igrave;nh bị ăn bớt tiền mừng 1/6 - (Ảnh minh họa)</em></div>\r\n\r\n<div style="margin: 0px; padding: 0px; font-family: ''Times New Roman''; font-size: 16px; line-height: 20px; -webkit-text-stroke-color: rgba(255, 255, 255, 0.00784314); -webkit-text-stroke-width: 0.10000000149011612px;">&nbsp;</div>\r\n\r\n<div style="margin: 0px; padding: 0px; font-family: ''Times New Roman''; font-size: 16px; line-height: 20px; -webkit-text-stroke-color: rgba(255, 255, 255, 0.00784314); -webkit-text-stroke-width: 0.10000000149011612px;">Một đồng nghiệp c&ugrave;ng chi nh&aacute;nh ng&acirc;n h&agrave;ng, nhưng kh&aacute;c ph&ograve;ng ban sang rủ r&ecirc; mọi người mua quần &aacute;o em b&eacute; ủng hộ. Thấy chất liệu tốt, kiểu d&aacute;ng cũng được, chị đồng &yacute; mua d&ugrave; gi&aacute; hơi &quot;ch&aacute;t&quot;.&nbsp;</div>\r\n\r\n<div style="margin: 0px; padding: 0px; font-family: ''Times New Roman''; font-size: 16px; line-height: 20px; -webkit-text-stroke-color: rgba(255, 255, 255, 0.00784314); -webkit-text-stroke-width: 0.10000000149011612px;">&nbsp;</div>\r\n\r\n<div style="margin: 0px; padding: 0px; font-family: ''Times New Roman''; font-size: 16px; line-height: 20px; -webkit-text-stroke-color: rgba(255, 255, 255, 0.00784314); -webkit-text-stroke-width: 0.10000000149011612px;">Mua đồ về, g&oacute;i sẵn chỉ chờ đến ng&agrave;y tặng cho con, chị ph&aacute;t hiện ra m&igrave;nh mua đắt gần gấp đ&ocirc;i với gi&aacute; tr&ecirc;n mạng m&agrave; chị t&igrave;nh cờ tr&ocirc;ng thấy. Tức tối, chị chat với đồng nghiệp kia, hỏi l&yacute; do th&igrave; được trả lời l&agrave; chất liệu kh&aacute;c hẳn, rồi một b&ecirc;n h&agrave;ng xịn, một b&ecirc;n đểu, trong khi r&otilde; r&agrave;ng chị thấy y x&igrave; đ&uacute;c chẳng kh&aacute;c g&igrave;.&nbsp;</div>\r\n\r\n<div style="margin: 0px; padding: 0px; font-family: ''Times New Roman''; font-size: 16px; line-height: 20px; -webkit-text-stroke-color: rgba(255, 255, 255, 0.00784314); -webkit-text-stroke-width: 0.10000000149011612px;">&nbsp;</div>\r\n\r\n<div style="margin: 0px; padding: 0px; font-family: ''Times New Roman''; font-size: 16px; line-height: 20px; -webkit-text-stroke-color: rgba(255, 255, 255, 0.00784314); -webkit-text-stroke-width: 0.10000000149011612px;">Vốn l&agrave; người k&iacute;n kẽ, lại l&agrave;nh t&iacute;nh, chị L. cũng đ&agrave;nh n&iacute;n nhịn.<em>&nbsp;&quot;Chẳng lẽ lại v&igrave; v&agrave;i trăm ng&agrave;n m&agrave; ầm ĩ l&ecirc;n, lại mang tiếng ra&quot;</em>&nbsp;- chị thở d&agrave;i n&oacute;i.</div>\r\n\r\n<div style="margin: 0px; padding: 0px; font-family: ''Times New Roman''; font-size: 16px; line-height: 20px; -webkit-text-stroke-color: rgba(255, 255, 255, 0.00784314); -webkit-text-stroke-width: 0.10000000149011612px;">&nbsp;</div>\r\n\r\n<div style="margin: 0px; padding: 0px; font-family: ''Times New Roman''; font-size: 16px; line-height: 20px; -webkit-text-stroke-color: rgba(255, 255, 255, 0.00784314); -webkit-text-stroke-width: 0.10000000149011612px;"><strong>Những m&oacute;n qu&agrave; kỳ dị</strong></div>\r\n\r\n<div style="margin: 0px; padding: 0px; font-family: ''Times New Roman''; font-size: 16px; line-height: 20px; -webkit-text-stroke-color: rgba(255, 255, 255, 0.00784314); -webkit-text-stroke-width: 0.10000000149011612px;">&nbsp;</div>\r\n\r\n<div style="margin: 0px; padding: 0px; font-family: ''Times New Roman''; font-size: 16px; line-height: 20px; -webkit-text-stroke-color: rgba(255, 255, 255, 0.00784314); -webkit-text-stroke-width: 0.10000000149011612px;">1/6 năm nay, chị P. c&ugrave;ng đồng nghiệp m&eacute;o mặt v&igrave; m&oacute;n qu&agrave; của c&ocirc;ng ty d&agrave;nh cho con em. Bởi thiếu ng&acirc;n s&aacute;ch, ế h&agrave;ng, c&ocirc;ng ty lại quyết định tặng vật phẩm cho nh&acirc;n vi&ecirc;n. Mặt h&agrave;ng được tặng l&agrave; một lố d&eacute;p nhựa đi trong nh&agrave;, k&iacute;ch cỡ to đ&ugrave;ng của người lớn, b&eacute; nh&agrave; chị chẳng bao giờ d&ugrave;ng đến.</div>\r\n\r\n<div style="margin: 0px; padding: 0px; font-family: ''Times New Roman''; font-size: 16px; line-height: 20px; -webkit-text-stroke-color: rgba(255, 255, 255, 0.00784314); -webkit-text-stroke-width: 0.10000000149011612px;">&nbsp;</div>\r\n\r\n<div style="margin: 0px; padding: 0px; font-family: ''Times New Roman''; font-size: 16px; line-height: 20px; -webkit-text-stroke-color: rgba(255, 255, 255, 0.00784314); -webkit-text-stroke-width: 0.10000000149011612px; text-align: center;"><img alt="Tết thiếu nhi và chuyện bi hài nơi công sở 3" src="http://afamily1.vcmedia.vn/k:thumb_w/600/4a4pVwK3xucccccccccccctBPajGwV/Image/2014/05/thieu-nhi-buon-c5af2/tet-thieu-nhi-va-chuyen-bi-hai-noi-cong-so.jpg" style="-webkit-appearance:none; border:none; margin:0px; max-width:620px; outline:none; padding:0px" title="Tết thiếu nhi và chuyện bi hài nơi công sở 3" /><br />\r\n<em>Chị P. ng&aacute;n ngẩm v&igrave; m&oacute;n qu&agrave; của c&ocirc;ng ty cho con m&igrave;nh - (Ảnh minh họa)</em></div>\r\n\r\n<div style="margin: 0px; padding: 0px; font-family: ''Times New Roman''; font-size: 16px; line-height: 20px; -webkit-text-stroke-color: rgba(255, 255, 255, 0.00784314); -webkit-text-stroke-width: 0.10000000149011612px;">&nbsp;</div>\r\n\r\n<div style="margin: 0px; padding: 0px; font-family: ''Times New Roman''; font-size: 16px; line-height: 20px; -webkit-text-stroke-color: rgba(255, 255, 255, 0.00784314); -webkit-text-stroke-width: 0.10000000149011612px;">X&eacute;t về gi&aacute; trị m&oacute;n qu&agrave;, c&ocirc;ng ty chị H. kh&ocirc;ng chi đậm bằng, nhưng x&eacute;t về gi&aacute; trị tinh thần, c&oacute; vẻ m&oacute;n qu&agrave; hợp với c&aacute;c em nhỏ hơn: con trai mỗi b&eacute; một quả b&oacute;ng nhựa, con g&aacute;i mỗi b&eacute; một bộ v&ograve;ng m&agrave;u sắc cũng bằng nhựa nốt. Nghe tin c&ocirc;ng ty c&oacute; qu&agrave; cho c&aacute;c b&eacute;, ai ai cũng hớn hở, nhưng khi nhận qu&agrave; tr&ecirc;n tay, mọi người lại buồn hiu v&igrave; gi&aacute; trị vật chất kh&ocirc;ng được như mong đợi.</div>\r\n\r\n<div style="margin: 0px; padding: 0px; font-family: ''Times New Roman''; font-size: 16px; line-height: 20px; -webkit-text-stroke-color: rgba(255, 255, 255, 0.00784314); -webkit-text-stroke-width: 0.10000000149011612px;">&nbsp;</div>\r\n\r\n<div style="margin: 0px; padding: 0px; font-family: ''Times New Roman''; font-size: 16px; line-height: 20px; -webkit-text-stroke-color: rgba(255, 255, 255, 0.00784314); -webkit-text-stroke-width: 0.10000000149011612px;">Kinh khủng nhất c&oacute; lẽ l&agrave; m&oacute;n qu&agrave; của cơ quan chị P. d&agrave;nh cho c&aacute;c b&eacute;. Chị l&agrave;m ở xưởng may. Đợt vừa rồi, một kh&aacute;ch h&agrave;ng ph&aacute; hợp đồng, bỏ trốn, khiến xưởng của chị bị dư l&ocirc; h&agrave;ng &aacute;o may &ocirc;, quần đ&ugrave;i. Gần đến 1/6, sếp chị n&oacute;i kh&oacute; với nh&acirc;n vi&ecirc;n:&nbsp;<em>&quot;C&aacute;c em th&ocirc;ng cảm, mang về tạm gi&uacute;p anh. Con kh&ocirc;ng d&ugrave;ng được, bố d&ugrave;ng thay con, coi như cũng tiết kiệm được một khoản mua đồ cho bố. C&ocirc;ng ty đang đợt kh&oacute; khăn, anh cũng bất đắc dĩ...&quot;</em></div>\r\n', 1, 1, 3, '2014-05-28 13:19:10'),
(39, 'Giới thiệu', 'tải-xuống.jpg', '<p><img alt="" src="/app/webroot/upload/images/t%E1%BA%A3i%20xu%E1%BB%91ng.jpg" style="height:1025px; width:888px" /></p>\r\n\r\n<h5 style="text-align:center">&nbsp;</h5>\r\n\r\n<p>&nbsp;</p>\r\n\r\n<h5 style="text-align:center"><span style="font-size:x-large"><u><strong><span style="background-color:yellow; color:rgb(51, 153, 102)">RẤT H&Acirc;N HẠNH ĐƯỢC PHỤC VỤ QU&Yacute; KH&Aacute;CH </span></strong></u></span></h5>\r\n\r\n<p>&nbsp;</p>\r\n\r\n<h5 style="text-align:center"><span style="font-size:x-large"><u><strong><span style="background-color:yellow; color:rgb(51, 153, 102)">H&Agrave;NG!</span></strong></u></span></h5>\r\n\r\n<p>&nbsp;</p>\r\n\r\n<p style="text-align:center"><span style="font-size:x-large"><tt><strong><span style="background-color:yellow; color:red">ĐC1:718 ĐƯỜNG L&Aacute;NG,HN - ĐC2:337 TRƯƠNG ĐỊNH,HN.</span></strong></tt></span></p>\r\n\r\n<p style="text-align:center">&nbsp;</p>\r\n\r\n<p style="text-align:center"><span style="font-size:x-large"><tt><strong><span style="background-color:yellow; color:red">(ĐT:0915386452,0974413084)</span></strong></tt></span></p>\r\n\r\n<p style="text-align:center">&nbsp;</p>\r\n\r\n<p style="text-align:center"><span style="font-size:x-large"><tt><strong><span style="background-color:yellow; color:red">CHI NH&Aacute;NH 3:</span></strong></tt><tt><strong><span style="background-color:yellow; color:red">212 NGUYỄN VĂN CỪ</span></strong></tt><tt><strong><span style="background-color:yellow; color:red">,TP VINH,NGHỆ AN</span></strong></tt></span></p>\r\n\r\n<p style="text-align:center">&nbsp;</p>\r\n\r\n<p style="text-align:center"><span style="font-size:x-large"><tt><strong><span style="background-color:yellow; color:red">(ĐT:0983366674)</span></strong></tt></span></p>\r\n', 1, 1, NULL, '2014-06-02 14:25:34');

-- --------------------------------------------------------

--
-- Structure de la table `products`
--

CREATE TABLE IF NOT EXISTS `products` (
  `id` int(11) NOT NULL AUTO_INCREMENT,
  `name` varchar(255) DEFAULT NULL,
  `code` varchar(50) DEFAULT NULL,
  `price` text,
  `display_price` tinyint(1) NOT NULL DEFAULT '0',
  `image` varchar(255) DEFAULT NULL,
  `description` text,
  `is_new` tinyint(1) DEFAULT '1',
  `active` tinyint(1) NOT NULL DEFAULT '1',
  `category_id` int(11) NOT NULL,
  PRIMARY KEY (`id`)
) ENGINE=InnoDB  DEFAULT CHARSET=utf8 AUTO_INCREMENT=49 ;

--
-- Contenu de la table `products`
--

INSERT INTO `products` (`id`, `name`, `code`, `price`, `display_price`, `image`, `description`, `is_new`, `active`, `category_id`) VALUES
(31, 'Bể cá treo tường 11', '123124', '10.000.000', 1, '98-small-a05-1.jpg', '<p>sadsafa</p>\r\n', 1, 1, 21),
(33, 'bế cá âm tường 2', '2', '520', 1, '-1-020806143102yellow_flower_in_.jpg', '<p>t&ecirc;n sp 2</p>\r\n', 1, 1, 22),
(34, 'bế cá âm tường 1', '3', '520', 1, '-1-0408251516131_tart_.jpg', '<p><strong>M&ocirc; tảM&ocirc; tảM&ocirc; tảM&ocirc; tảM&ocirc; tảM&ocirc; tảM&ocirc; tả</strong></p>\r\n\r\n<p><strong>11111111M&ocirc; tảM&ocirc; tảM&ocirc; tảM&ocirc; tảM&ocirc; tảM&ocirc; tảM&ocirc; tả</strong></p>\r\n\r\n<p>&nbsp;</p>\r\n', 1, 1, 22),
(35, 'Tử bể cá 1', '1', '520', 1, '-1-0306270926091porcelana.jpg', '<p><strong>M&ocirc; tảM&ocirc; tảM&ocirc; tảM&ocirc; tảM&ocirc; tả</strong></p>\r\n', 1, 1, 23),
(36, 'Bể cá mặn 1', '5', 'sà34', 0, '-1-020507030816193-9309_crw_1anc.jpg', '<p><strong>M&ocirc; tảM&ocirc; tảM&ocirc; tảM&ocirc; tả</strong></p>\r\n', 1, 1, 24),
(37, 'bể cá chân quỳ 1', '7', '354', 1, '-1-DanbosNewUggsbyLadyTori.jpg', '<p><strong>M&ocirc; tảM&ocirc; tảM&ocirc; tảM&ocirc; tả</strong></p>\r\n', 1, 1, 25),
(38, 'bể cá chân sắt 1', '6', '355', 1, '-1-DyingFlowerbyDimitarLazarov.jpg', '<p><strong>M&ocirc; tảM&ocirc; tảM&ocirc; tảM&ocirc; tả</strong></p>\r\n', 0, 1, 26),
(39, 'bể ngăn phòng', '8', '334', 1, '-1-IdeabySortvind.jpg', '<p><strong>M&ocirc; tảM&ocirc; tảM&ocirc; tảM&ocirc; tả</strong></p>\r\n', 0, 1, 27),
(40, 'bể cá HQ 1', '9', '5430', 1, '-1-CutbyKPK.jpg', '<p><strong>M&ocirc; tảM&ocirc; tảM&ocirc; tảM&ocirc; tả</strong></p>\r\n', 0, 1, 37),
(41, 'a1', '10', '470', 1, '-1-011108044206trident.jpg', '<p><strong>45345345M&ocirc; tảM&ocirc; tảM&ocirc; tảM&ocirc; tả</strong></p>\r\n', 1, 1, 21),
(43, 'a1', '14', '4520', 0, NULL, '<p>fsdf</p>\r\n', 0, 0, 36),
(44, 'a3', '67', '340', 0, '-1-0408251516131_tart_.jpg', '<p>a3a3a3a4</p>\r\n\r\n<p>a3a3a3a4</p>\r\n', 1, 1, 36),
(45, 'b1', '90', '200', 1, '-1-AutumnStillLifebyauster.jpg', '<p>b1b1b1b1b1b1b1b1b1b1b1b1b1b1b1b1b1b1b1b1b1b1b1b1b</p>\r\n\r\n<p>1b1b1b1b1b1b1b1b1b1b1b1b1b1b1b1b1b1b1b1b1</p>\r\n', 0, 1, 39),
(46, 'bế cá HQ 1', '20', '620', 1, '-1-0701020752171still_life_3_copy.jpg', '<h1>Thị trường đồ chơi phong ph&uacute;</h1>\r\n\r\n<div>\r\n<div>&nbsp;</div>\r\n\r\n<div>Dọc theo c&aacute;c tuyến phố, trung t&acirc;m thương mại chuy&ecirc;n kinh doanh đồ chơi trẻ em tr&ecirc;n địa b&agrave;n th&agrave;nh phố H&agrave; Nội như: Lương Văn Can, H&agrave;ng Lược, H&agrave;ng M&atilde;, H&agrave;ng C&acirc;n, Chả C&aacute;, c&aacute;c trung t&acirc;m si&ecirc;u thị lớn nhỏ như Vincom, Parkson.., c&aacute;c mặt h&agrave;ng đồ chơi được b&agrave;y b&aacute;n với số lượng lớn, h&agrave;ng h&oacute;a đa dạng để phục vụ c&aacute;c thượng đế nhỏ tuổi trong dịp 1/6 n&agrave;y.&nbsp;</div>\r\n\r\n<div>&nbsp;</div>\r\n\r\n<div><img alt="Đồ chơi &quot;xịn&quot;, trí tuệ hút khách nhí 1" src="http://afamily1.vcmedia.vn/k:thumb_w/600/EvLN8j33yO68Iz3IEtihKovtIwTqll/Image/2014/05/IMG_20140529_080834-63cb2/do-choi-xin-tri-tue-hut-khach-nhi.jpg" title="Đồ chơi &quot;xịn&quot;, trí tuệ hút khách nhí 1" /></div>\r\n\r\n<div>Trong những ng&agrave;y n&agrave;y, tr&ecirc;n khắp c&aacute;c con phố chuy&ecirc;n b&aacute;n đồ chơi trẻ em lu&ocirc;n tấp nập người mua kẻ b&aacute;n từ s&aacute;ng đến tối</div>\r\n</div>\r\n', 1, 1, 37),
(47, '1', '123123', '1', 0, '981D-1.jpg', '<p>a</p>\r\n', 0, 0, 21),
(48, '2', '12312412', '12', 0, '10176227_561898433926346_8479884574571736011_n-2.jpg', '<p>a</p>\r\n', 0, 0, 22);

-- --------------------------------------------------------

--
-- Structure de la table `supports`
--

CREATE TABLE IF NOT EXISTS `supports` (
  `id` int(11) NOT NULL AUTO_INCREMENT,
  `nick_name` varchar(255) DEFAULT NULL,
  `name` varchar(255) DEFAULT NULL,
  `phone` varchar(255) DEFAULT NULL,
  `active` tinyint(1) DEFAULT NULL,
  `type` int(10) DEFAULT NULL,
  `created` datetime DEFAULT NULL,
  PRIMARY KEY (`id`)
) ENGINE=InnoDB  DEFAULT CHARSET=utf8 AUTO_INCREMENT=23 ;

--
-- Contenu de la table `supports`
--

INSERT INTO `supports` (`id`, `nick_name`, `name`, `phone`, `active`, `type`, `created`) VALUES
(3, 'online_vi_nhoem_xh', 'Mr.Hướng', '', 1, 1, '2014-03-24 05:05:46'),
(5, 'test', 'Mr.Xuân', '123', 0, 2, '2014-04-21 08:03:17'),
(7, 'n2t_hello@yahoo.com.vn', 'Ms.Maru', '', 0, 2, '2014-05-26 10:08:03'),
(9, 'tuoi.info', 'Ms.Tươi', '0973073970', 1, 1, '2014-05-26 10:13:25'),
(11, 'fsdf', 'gsdg', 'êtrt', 0, 1, '2014-05-26 10:17:19'),
(12, 'bhjbh', 'ghj', '64565', 0, 1, '2014-05-26 12:06:35'),
(17, 'dse', 'qưewe', '12423', 0, 2, '2014-05-27 08:13:58'),
(18, 'n2t_hello@yahoo.com', 'Ms Maru', '12345678', 0, 1, '2014-05-27 13:34:34'),
(19, 'dddd', 'DDD', '34645765', 0, 1, '2014-05-28 08:31:09'),
(20, 'online_vi_nhoem_xh', 'hướng', '123', 0, 2, '2014-05-28 09:58:07'),
(21, 'online_vi_nhoem_xh', 'a', '1', 0, 3, '2014-05-28 09:58:22'),
(22, 'n2t_hello@yahoo.com.vn', 'ssss', '24235', 0, 3, '2014-05-28 10:28:50');

-- --------------------------------------------------------

--
-- Structure de la table `users`
--

CREATE TABLE IF NOT EXISTS `users` (
  `id` int(11) NOT NULL AUTO_INCREMENT,
  `username` varchar(255) NOT NULL,
  `name` varchar(255) NOT NULL,
  `password` varchar(255) NOT NULL,
  `group` int(10) NOT NULL,
  `active` tinyint(1) DEFAULT NULL,
  `created` datetime DEFAULT NULL,
  PRIMARY KEY (`id`)
) ENGINE=InnoDB  DEFAULT CHARSET=utf8 AUTO_INCREMENT=24 ;

--
-- Contenu de la table `users`
--

INSERT INTO `users` (`id`, `username`, `name`, `password`, `group`, `active`, `created`) VALUES
(1, 'admin', 'Người quản lý', 'fc35025da848081b2511e445ec7c30358cc293c5', 1, 1, '2014-03-21 13:56:08'),
(23, 'tuoint', 'Nguyễn Thị Tròn', '6625d76956a683af47c9603bebe2ee9a8ec23118', 1, 1, '2014-05-26 09:55:09');

-- --------------------------------------------------------

--
-- Structure de la table `user_onlines`
--

CREATE TABLE IF NOT EXISTS `user_onlines` (
  `id` bigint(20) NOT NULL AUTO_INCREMENT,
  `ip_client` varchar(512) DEFAULT NULL,
  `time_in` datetime DEFAULT NULL,
  `time_out` int(11) DEFAULT NULL,
  PRIMARY KEY (`id`)
) ENGINE=InnoDB  DEFAULT CHARSET=latin1 AUTO_INCREMENT=776 ;

--
-- Contenu de la table `user_onlines`
--

INSERT INTO `user_onlines` (`id`, `ip_client`, `time_in`, `time_out`) VALUES
(775, 'sbst1qqmhrn87dcd28k25t23f7', '2014-07-13 12:38:44', 1405230824);

-- --------------------------------------------------------

--
-- Structure de la table `videos`
--

CREATE TABLE IF NOT EXISTS `videos` (
  `id` int(11) NOT NULL AUTO_INCREMENT,
  `title` varchar(255) NOT NULL,
  `url` varchar(255) DEFAULT NULL,
  `description` text,
  `active` tinyint(1) DEFAULT NULL,
  PRIMARY KEY (`id`)
) ENGINE=InnoDB  DEFAULT CHARSET=utf8 AUTO_INCREMENT=16 ;

--
-- Contenu de la table `videos`
--

INSERT INTO `videos` (`id`, `title`, `url`, `description`, `active`) VALUES
(3, 'video 2', 'http://www.youtube.com/embed/b1B8kizCjQA', '<p>video 2</p>\r\n', 1),
(5, 'video test', 'http://www.youtube.com/embed/c6luYXhpXuI', '<p><strong>M&ocirc; tảM&ocirc; tảM&ocirc; tảM&ocirc; tảM&ocirc; tảM&ocirc; tả</strong></p>\r\n', 1),
(6, 'video 1', 'http://www.youtube.com/embed/iZkKI8JIA9Y', '<p><strong>M&ocirc; tảM&ocirc; tảM&ocirc; tảM&ocirc; tả</strong></p>\r\n', 1),
(9, 'video 4', 'http://www.youtube.com/embed/iZkKI8JIA9Y', '<p>BBBBBBBBBBBB</p>\r\n', 1),
(11, 'video 5', 'http://www.youtube.com/embed/iZkKI8JIA9Y', '<p>đ&agrave;</p>\r\n', 1),
(12, 'video 6', 'http://youtu.be/cBdxDFpDp_k', '<p>video 6video 6video 6video 6video 6video 6video 6</p>\r\n\r\n<p>video 6video 6video 6video 6video 6 &nbsp; &nbsp; &nbsp;video 6video 6video 6video 6</p>\r\n', 1),
(13, 'video 7', 'www.youtube.com/watch?v=yjrB3pONo-w', '<p>https://www.youtube.com/watch?v=yjrB3pONo-whttps://www.youtube.com/watch?v=yjrB3pONo-whttps://www.youtube.com/watch?v=yjrB3pONo-whttps://www.youtube.com/watch?v=yjrB3pONo-w</p>\r\n\r\n<p>https://www.youtube.com/watch?v=yjrB3pONo-w</p>\r\n\r\n<p>https://www.youtube.com/watch?v=yjrB3pONo-whttps://www.youtube.com/watch?v=yjrB3pONo-w</p>\r\n', 1),
(14, 'video 8', 'http://www.youtube.com/watch?v=c6luYXhpXuI', '<p>&aacute;df</p>\r\n', 1),
(15, 'video 9', 'http://www.youtube.com/watch?v=UUgTFdeyr28', '<p>xvb</p>\r\n', 1);

/*!40101 SET CHARACTER_SET_CLIENT=@OLD_CHARACTER_SET_CLIENT */;
/*!40101 SET CHARACTER_SET_RESULTS=@OLD_CHARACTER_SET_RESULTS */;
/*!40101 SET COLLATION_CONNECTION=@OLD_COLLATION_CONNECTION */;
